,date,event,myScore,opponent,place,player,result,theirScore,winnings
0,2018-09-15,2018 Global StarCraft II League Season 3/Code S,4.0,TY,1st,Maru,1.0,3.0,37523.0
1,2018-08-04,2018 GSL vs the World,1.0,Stats,3 - 4th,Maru,0.0,3.0,7172.0
2,2018-06-22,2018 Global StarCraft II League Season 2: Code S,4.0,Zest,1st,Maru,1.0,0.0,37523.0
3,2018-03-31,2018 Global StarCraft II League Season 1/Code S,4.0,Stats,1st,Maru,1.0,2.0,37518.0
4,2018-03-18,World Electronic Sports Games 2017,4.0,Dark,1st,Maru,1.0,3.0,200000.0
5,2018-03-04,IEM Season XII - World Championship,2.0,Rogue,3 - 4th,Maru,0.0,3.0,25600.0
6,2017-06-14,2017 Global StarCraft II League Season 2/Code S,2.0,GuMiho,3 - 4th,Maru,0.0,4.0,6720.0
7,2017-01-15,World Electronic Sports Games 2016,3.0,TY,2nd,Maru,0.0,4.0,100000.0
8,2015-09-25,2015 Global StarCraft II League Season 3: Code S,1.0,INnoVation,3 - 4th,Maru,0.0,4.0,3610.0
9,2015-03-21,2015 StarCraft II StarLeague Season 1/Main Event,4.0,Dream,1st,Maru,1.0,1.0,36099.0
10,2015-02-01,IEM Season IX - Taipei,3.0,Life,2nd,Maru,0.0,4.0,4000.0
11,2014-06-18,2014 Global StarCraft II League Season 2/Code S,2.0,Classic,3 - 4th,Maru,0.0,4.0,7890.0
12,2013-12-06,2013 Hot6ix Cup,1.0,Soulkey,3 - 4th,Maru,0.0,3.0,3784.0
13,2013-11-09,2013 WCS Global Finals,1.0,Jaedong,3 - 4th,Maru,0.0,3.0,17500.0
14,2013-10-27,2013 WCS Season 3,1.0,Dear,3 - 4th,Maru,0.0,3.0,10000.0
15,2013-10-09,2013 WCS Season 3 Korea GSL/Premier,1.0,Dear,3 - 4th,Maru,0.0,3.0,7000.0
16,2013-08-10,2013 WCS Season 2 Korea OSL: Premier League,4.0,Rain,1st,Maru,1.0,2.0,20000.0
17,2018-09-15,2018 Global StarCraft II League Season 3/Code S,3.0,Maru,2nd,TY,0.0,4.0,14071.0
18,2018-06-13,2018 Global StarCraft II League Season 2: Code S,3.0,Zest,3 - 4th,TY,0.0,4.0,7035.0
19,2017-11-04,2017 WCS Global Finals,2.0,Rogue,3 - 4th,TY,0.0,3.0,42000.0
20,2017-08-06,2017 GSL vs the World,0.0,INnoVation,2nd,TY,0.0,4.0,13400.0
21,2017-07-30,IEM Season XII - Shanghai,2.0,herO,3 - 4th,TY,0.0,3.0,2000.0
22,2017-03-05,IEM Season XI - World Championship,4.0,Stats,1st,TY,1.0,3.0,100300.0
23,2017-01-15,World Electronic Sports Games 2016,4.0,Maru,1st,TY,1.0,3.0,200000.0
24,2016-10-03,2016 KeSPA Cup,2.0,Trap,3 - 4th,TY,0.0,3.0,4072.0
25,2016-05-22,2016 WCS Korea Season 1 Cross Finals,2.0,Dark,3 - 4th,TY,0.0,3.0,0.0
26,2016-05-01,2016 Global StarCraft II League Season 1/Code S,2.0,Zest,2nd,TY,0.0,4.0,16920.0
27,2015-09-03,2015 StarCraft II StarLeague Season 3/Main Event,3.0,ByuL,3 - 4th,TY,0.0,4.0,4061.0
28,2015-07-19,IEM Season X - Shenzhen,0.0,PartinG,3 - 4th,TY,0.0,3.0,2000.0
29,2018-11-03,2018 WCS Global Finals,2.0,Serral,2nd,Stats,0.0,4.0,112000.0
30,2018-08-05,2018 GSL vs the World,3.0,Serral,2nd,Stats,0.0,4.0,13447.0
31,2018-04-08,2018 AfreecaTV GSL Super Tournament 1,4.0,Dark,1st,Stats,1.0,3.0,11274.0
32,2018-03-31,2018 Global StarCraft II League Season 1/Code S,2.0,Maru,2nd,Stats,0.0,4.0,14069.0
33,2017-11-12,HomeStory Cup XVI,0.0,Zest,3 - 4th,Stats,0.0,3.0,2000.0
34,2017-09-24,2017 StarCraft II StarLeague Season 2 - Premier,4.0,Dark,1st,Stats,1.0,3.0,14071.0
35,2017-09-06,2017 Global StarCraft II League Season 3: Code S,1.0,sOs,3 - 4th,Stats,0.0,4.0,6685.0
36,2017-08-05,2017 GSL vs the World,0.0,INnoVation,3 - 4th,Stats,0.0,3.0,6700.0
37,2017-05-29,2017 StarCraft II StarLeague Season 1: Premier,2.0,Solar,4th,Stats,0.0,3.0,4248.0
38,2017-03-25,2017 Global StarCraft II League Season 1/Code S,4.0,soO,1st,Stats,1.0,2.0,35840.0
39,2017-03-05,IEM Season XI - World Championship,3.0,TY,2nd,Stats,0.0,4.0,45300.0
40,2016-12-18,IEM Season XI - Gyeonggi,0.0,INnoVation,2nd,Stats,0.0,4.0,6000.0
41,2016-11-20,HomeStory Cup XIV,1.0,Patience,3 - 4th,Stats,0.0,3.0,2000.0
42,2016-11-05,2016 WCS Global Playoffs and Finals,1.0,ByuN,3 - 4th,Stats,0.0,3.0,30000.0
43,2016-10-03,2016 KeSPA Cup,1.0,Neeb,3 - 4th,Stats,0.0,3.0,4072.0
44,2016-05-22,2016 WCS Korea Season 1 Cross Finals,3.0,Dark,1st,Stats,1.0,1.0,17160.0
45,2016-04-09,2016 StarCraft II StarLeague Season 1/Main Event,2.0,Dark,2nd,Stats,0.0,4.0,16920.0
46,2015-06-11,2015 StarCraft II StarLeague Season 2/Main Event,2.0,Classic,3 - 4th,Stats,0.0,4.0,4061.0
47,2015-03-05,2015 StarCraft II StarLeague Season 1/Main Event,2.0,Maru,3 - 4th,Stats,0.0,4.0,4061.0
48,2018-09-05,2018 Global StarCraft II League Season 3/Code S,1.0,Maru,3 - 4th,Zest,0.0,4.0,7035.0
49,2018-06-22,2018 Global StarCraft II League Season 2: Code S,0.0,Maru,2nd,Zest,0.0,4.0,14071.0
50,2017-11-12,HomeStory Cup XVI,4.0,Solar,1st,Zest,1.0,1.0,10000.0
51,2016-11-20,HomeStory Cup XIV,3.0,Patience,2nd,Zest,0.0,4.0,4000.0
52,2016-05-22,2016 WCS Korea Season 1 Cross Finals,1.0,Stats,3 - 4th,Zest,0.0,3.0,0.0
53,2016-05-01,2016 Global StarCraft II League Season 1/Code S,4.0,TY,1st,Zest,1.0,2.0,33840.0
54,2015-03-15,IEM Season IX - World Championship,4.0,Trap,1st,Zest,1.0,1.0,68707.0
55,2014-12-07,2014 Hot6ix Cup,2.0,MarineKing,3 - 4th,Zest,0.0,3.0,2728.0
56,2014-09-24,2014 Global StarCraft II League Season 3: Code S,3.0,soO,3 - 4th,Zest,0.0,4.0,7612.0
57,2014-09-14,2014 KeSPA Cup,4.0,herO,1st,Zest,1.0,1.0,29370.0
58,2014-08-31,IEM Season IX - Toronto,1.0,Flash,2nd,Zest,0.0,4.0,4000.0
59,2014-04-26,2014 GSL Global Championship,4.0,PartinG,1st,Zest,1.0,3.0,7400.0
60,2014-04-05,2014 Global StarCraft II League Season 1/Code S,4.0,soO,1st,Zest,1.0,3.0,66388.0
61,2018-09-30,2018 AfreecaTV GSL Super Tournament 2,2.0,Classic,3 - 4th,Dark,0.0,3.0,2221.0
62,2018-08-04,2018 GSL vs the World,1.0,Serral,3 - 4th,Dark,0.0,3.0,7172.0
63,2018-04-08,2018 AfreecaTV GSL Super Tournament 1,3.0,Stats,2nd,Dark,0.0,4.0,4698.0
64,2018-03-24,2018 Global StarCraft II League Season 1/Code S,2.0,Maru,3 - 4th,Dark,0.0,4.0,7034.0
65,2018-03-18,World Electronic Sports Games 2017,3.0,Maru,2nd,Dark,0.0,4.0,80000.0
66,2017-10-01,2017 AfreecaTV GSL Super Tournament 2,2.0,herO,3 - 4th,Dark,0.0,3.0,2250.0
67,2017-09-24,2017 StarCraft II StarLeague Season 2 - Premier,3.0,Stats,2nd,Dark,0.0,4.0,8673.0
68,2017-09-09,2017 Global StarCraft II League Season 3: Code S,3.0,INnoVation,3 - 4th,Dark,0.0,4.0,6685.0
69,2017-03-05,IEM Season XI - World Championship,1.0,Stats,3 - 4th,Dark,0.0,3.0,17900.0
70,2016-12-16,IEM Season XI - Gyeonggi,2.0,INnoVation,3 - 4th,Dark,0.0,3.0,2500.0
71,2016-11-05,2016 WCS Global Playoffs and Finals,2.0,ByuN,2nd,Dark,0.0,4.0,100000.0
72,2016-09-25,2016 WCS Korea Season 2 Cross Finals,3.0,Solar,1st,Dark,1.0,2.0,17160.0
73,2016-09-11,2016 StarCraft II StarLeague Season 2/Main Event,3.0,Solar,2nd,Dark,0.0,4.0,17925.0
74,2016-05-22,2016 WCS Korea Season 1 Cross Finals,1.0,Stats,2nd,Dark,0.0,3.0,4290.0
75,2016-04-09,2016 StarCraft II StarLeague Season 1/Main Event,4.0,Stats,1st,Dark,1.0,2.0,33840.0
76,2015-07-12,LOTTE Homeshopping 2015 KeSPA Cup Season 2,1.0,soO,2nd,Dark,0.0,4.0,4469.0
77,2015-05-05,GiGA internet 2015 KeSPA Cup Season 1,3.0,herO,2nd,Dark,0.0,4.0,4555.0
78,2015-03-14,IEM Season IX - World Championship,1.0,Trap,3 - 4th,Dark,0.0,3.0,7000.0
79,2018-11-03,2018 WCS Global Finals,1.0,Serral,3 - 4th,Rogue,0.0,3.0,56000.0
80,2018-03-04,IEM Season XII - World Championship,4.0,Classic,1st,Rogue,1.0,0.0,150800.0
81,2017-11-04,2017 WCS Global Finals,4.0,soO,1st,Rogue,1.0,2.0,280000.0
82,2017-10-01,2017 AfreecaTV GSL Super Tournament 2,4.0,herO,1st,Rogue,1.0,3.0,10780.0
83,2017-09-18,2017 StarCraft II StarLeague Season 2 - Challenge,2.0,None,4th,Rogue,0.0,3.0,1593.0
84,2017-07-30,IEM Season XII - Shanghai,4.0,herO,1st,Rogue,1.0,1.0,10000.0
85,2016-11-20,HomeStory Cup XIV,1.0,Zest,3 - 4th,Rogue,0.0,3.0,2000.0
86,2015-11-07,2015 WCS Global Finals,0.0,sOs,3 - 4th,Rogue,0.0,3.0,15000.0
87,2014-11-02,MSI Beat IT 2014,3.0,YoDa,3rd,Rogue,1.0,0.0,3000.0
88,2017-06-24,2017 Global StarCraft II League Season 2/Code S,4.0,soO,1st,GuMiho,1.0,2.0,35820.0
89,2015-07-05,HomeStory Cup XI,0.0,Rain,3 - 4th,GuMiho,0.0,3.0,2500.0
90,2015-05-09,2015 DreamHack Open: Tours,1.0,PartinG,2nd,GuMiho,0.0,3.0,5000.0
91,2012-02-23,2012 Global StarCraft II League Season 1: Code S,2.0,DongRaeGu,3 - 4th,GuMiho,0.0,3.0,4483.0
92,2011-10-03,2011 Global StarCraft II League October: Code A,0.0,Curious,3 - 4th,GuMiho,0.0,3.0,685.0
93,2017-10-01,2017 AfreecaTV GSL Super Tournament 2,2.0,Rogue,3 - 4th,INnoVation,0.0,3.0,2250.0
94,2017-09-16,2017 Global StarCraft II League Season 3: Code S,4.0,sOs,1st,INnoVation,1.0,3.0,35656.0
95,2017-08-06,2017 GSL vs the World,4.0,TY,1st,INnoVation,1.0,0.0,35700.0
96,2017-06-10,2017 StarCraft II StarLeague Season 1: Premier,4.0,Solar,1st,INnoVation,1.0,1.0,14090.0
97,2016-12-18,IEM Season XI - Gyeonggi,4.0,Stats,1st,INnoVation,1.0,0.0,15000.0
98,2015-10-04,2015 Global StarCraft II League Season 3: Code S,4.0,ByuL,1st,INnoVation,1.0,2.0,36099.0
99,2015-08-31,MSI Masters Gaming Arena 2015,0.0,sOs,3 - 4th,INnoVation,0.0,2.0,2000.0
100,2015-08-09,IEM Season X - gamescom,4.0,soO,1st,INnoVation,1.0,1.0,10000.0
101,2014-10-04,2014 Global StarCraft II League Season 3: Code S,4.0,soO,1st,INnoVation,1.0,2.0,66612.0
102,2014-04-27,2014 DreamHack Open: Bucharest,1.0,Life,3 - 4th,INnoVation,0.0,2.0,3000.0
103,2013-12-07,ASUS ROG NorthCon 2013,2.0,Jaedong,3 - 4th,INnoVation,0.0,3.0,3000.0
104,2013-11-30,2013 DreamHack Open: Winter,0.0,Patience,4th,INnoVation,0.0,2.0,6097.0
105,2013-09-15,2013 DreamHack Open: Bucharest,0.0,TaeJa,2nd,INnoVation,0.0,3.0,5376.0
106,2013-07-30,2013 WCS Season 2 Korea OSL: Premier League,0.0,Maru,3 - 4th,INnoVation,0.0,4.0,7000.0
107,2013-06-09,2013 WCS Season 1,4.0,sOs,1st,INnoVation,1.0,0.0,40000.0
108,2013-06-01,2013 WCS Season 1 Korea GSL: Code S,3.0,Soulkey,2nd,INnoVation,0.0,4.0,12000.0
109,2013-03-17,2013 MLG Winter Championship,2.0,MC,3rd,INnoVation,1.0,1.0,9000.0
110,2012-12-14,2012 Global StarCraft II League Season 5: Code S,1.0,HyuN,3 - 4th,INnoVation,0.0,3.0,4650.0
111,2015-07-12,LOTTE Homeshopping 2015 KeSPA Cup Season 2,0.0,Dark,3 - 4th,Dream,0.0,3.0,1788.0
112,2015-06-20,2015 StarCraft II StarLeague Season 2/Main Event,1.0,Classic,2nd,Dream,0.0,4.0,9025.0
113,2015-03-21,2015 StarCraft II StarLeague Season 1/Main Event,1.0,Maru,2nd,Dream,0.0,4.0,9025.0
114,2013-01-20,IEM Season VII - Katowice,1.0,First,2nd,Dream,0.0,3.0,3300.0
115,2015-11-07,2015 WCS Global Finals,3.0,sOs,2nd,Life,0.0,4.0,50000.0
116,2015-05-05,GiGA internet 2015 KeSPA Cup Season 1,0.0,Dark,3 - 4th,Life,0.0,3.0,1822.0
117,2015-03-22,2015 Global StarCraft II League Season 1/Code S,4.0,PartinG,1st,Life,1.0,3.0,36099.0
118,2015-03-05,2015 StarCraft II StarLeague Season 1/Main Event,3.0,Dream,3 - 4th,Life,0.0,4.0,4061.0
119,2015-02-01,IEM Season IX - Taipei,4.0,Maru,1st,Life,1.0,3.0,10000.0
120,2014-11-29,2014 DreamHack Open: Winter,2.0,ForGG,2nd,Life,0.0,4.0,15000.0
121,2014-11-08,2014 WCS Global Finals,4.0,MMA,1st,Life,1.0,1.0,100000.0
122,2014-08-31,IEM Season IX - Toronto,1.0,Zest,3 - 4th,Life,0.0,3.0,2000.0
123,2014-04-27,2014 DreamHack Open: Bucharest,3.0,Impact,1st,Life,1.0,0.0,10000.0
124,2014-03-28,2014 Global StarCraft II League Season 1/Code S,3.0,soO,3 - 4th,Life,0.0,4.0,7587.0
125,2013-12-07,ASUS ROG NorthCon 2013,0.0,Scarlett,3 - 4th,Life,0.0,3.0,3000.0
126,2013-11-30,2013 DreamHack Open: Winter,2.0,TaeJa,2nd,Life,0.0,4.0,15244.0
127,2013-10-13,IEM Season VIII - New York,4.0,NaNiwa,1st,Life,1.0,2.0,10000.0
128,2013-09-15,2013 DreamHack Open: Bucharest,0.0,TaeJa,3 - 4th,Life,0.0,2.0,3072.0
129,2013-03-17,2013 MLG Winter Championship,4.0,Flash,1st,Life,1.0,2.0,25000.0
130,2013-01-26,Iron Squid – Chapter II,4.0,DongRaeGu,1st,Life,1.0,3.0,12500.0
131,2012-12-22,2012 GSL Blizzard Cup,4.0,PartinG,1st,Life,1.0,2.0,37231.0
132,2012-11-04,2012 MLG Fall Championship,4.0,Leenock,1st,Life,1.0,3.0,25000.0
133,2012-10-20,2012 Global StarCraft II League Season 4: Code S,4.0,Mvp,1st,Life,1.0,3.0,45230.0
134,2012-09-08,TeamLiquid StarLeague 4,2.0,Creator,2nd,Life,0.0,4.0,7000.0
135,2018-09-30,2018 AfreecaTV GSL Super Tournament 2,4.0,sOs,1st,Classic,1.0,3.0,10663.0
136,2018-06-16,2018 Global StarCraft II League Season 2: Code S,1.0,Maru,3 - 4th,Classic,0.0,4.0,7035.0
137,2018-04-08,2018 AfreecaTV GSL Super Tournament 1,1.0,Dark,3 - 4th,Classic,0.0,3.0,2349.0
138,2018-03-17,World Electronic Sports Games 2017,1.0,Serral,4th,Classic,0.0,3.0,20000.0
139,2018-03-04,IEM Season XII - World Championship,0.0,Rogue,2nd,Classic,0.0,4.0,66000.0
140,2017-09-11,2017 StarCraft II StarLeague Season 2 - Premier,2.0,Dark,3rd,Classic,0.0,4.0,6991.0
141,2017-06-17,2017 Global StarCraft II League Season 2/Code S,0.0,soO,3 - 4th,Classic,0.0,4.0,6720.0
142,2017-06-03,2017 StarCraft II StarLeague Season 1 - Challenge,3.0,None,2nd,Classic,1.0,2.0,1760.0
143,2016-08-25,2016 StarCraft II StarLeague Season 2/Main Event,3.0,Dark,3 - 4th,Classic,0.0,4.0,8066.0
144,2015-11-07,2015 WCS Global Finals,2.0,Life,3 - 4th,Classic,0.0,3.0,15000.0
145,2015-07-19,IEM Season X - Shenzhen,4.0,PartinG,1st,Classic,1.0,1.0,10000.0
146,2015-06-20,2015 StarCraft II StarLeague Season 2/Main Event,4.0,Dream,1st,Classic,1.0,1.0,36099.0
147,2014-11-08,2014 WCS Global Finals,1.0,MMA,3 - 4th,Classic,0.0,3.0,15000.0
148,2014-09-13,2014 KeSPA Cup,1.0,Zest,3 - 4th,Classic,0.0,3.0,4895.0
149,2014-06-28,2014 Global StarCraft II League Season 2/Code S,4.0,soO,1st,Classic,1.0,2.0,69043.0
150,2015-02-01,IEM Season IX - Taipei,1.0,Maru,3 - 4th,Soulkey,0.0,3.0,2000.0
151,2013-12-08,2013 Hot6ix Cup,2.0,Rain,2nd,Soulkey,0.0,4.0,7569.0
152,2013-12-01,World Cyber Games 2013,3.0,Sora,1st,Soulkey,1.0,1.0,30000.0
153,2013-10-27,2013 WCS Season 3,0.0,Dear,2nd,Soulkey,0.0,4.0,20000.0
154,2013-10-09,2013 WCS Season 3 Korea GSL/Premier,0.0,soO,3 - 4th,Soulkey,0.0,3.0,7000.0
155,2013-06-09,2013 WCS Season 1,2.0,sOs,3 - 4th,Soulkey,0.0,3.0,10000.0
156,2013-06-01,2013 WCS Season 1 Korea GSL: Code S,4.0,INnoVation,1st,Soulkey,1.0,3.0,20000.0
157,2015-07-05,HomeStory Cup XI,2.0,Sacsri,3 - 4th,Jaedong,0.0,3.0,2500.0
158,2014-12-07,IEM Season IX - San Jose,1.0,herO,3 - 4th,Jaedong,0.0,3.0,2000.0
159,2014-09-07,World E-sport Championships 2014,4.0,Snute,1st,Jaedong,1.0,1.0,24300.0
160,2014-07-20,IEM Season IX - Shenzhen,1.0,TaeJa,3 - 4th,Jaedong,0.0,3.0,2000.0
161,2014-06-16,2014 DreamHack Open: Summer,0.0,TaeJa,3 - 4th,Jaedong,0.0,2.0,3000.0
162,2014-04-27,2014 DreamHack Open: Bucharest,1.0,Impact,3 - 4th,Jaedong,0.0,2.0,3000.0
163,2014-02-16,IEM Season VIII - Cologne,2.0,HerO,3 - 4th,Jaedong,0.0,3.0,2000.0
164,2013-12-07,ASUS ROG NorthCon 2013,4.0,Scarlett,1st,Jaedong,1.0,2.0,10000.0
165,2013-11-09,2013 WCS Global Finals,1.0,sOs,2nd,Jaedong,0.0,4.0,45000.0
166,2013-10-20,2013 WCS Season 3 America/Premier,2.0,ByuL,3 - 4th,Jaedong,0.0,3.0,7000.0
167,2013-08-25,2013 WCS Season 2,0.0,Bomber,2nd,Jaedong,0.0,4.0,20000.0
168,2013-08-11,2013 WCS Season 2 America/Premier,0.0,Polt,2nd,Jaedong,0.0,4.0,12000.0
169,2013-07-20,DreamHack Open Valencia 2013,1.0,HyuN,2nd,Jaedong,0.0,3.0,5355.0
170,2013-06-17,DreamHack Open Summer 2013,2.0,StarDust,2nd,Jaedong,0.0,3.0,5415.0
171,2013-04-27,2013 DreamHack Open: Stockholm,1.0,NaNiwa,3 - 4th,Jaedong,0.0,2.0,3042.0
172,2017-09-04,2017 StarCraft II StarLeague Season 2 - Premier,2.0,Dark,4th,Dear,0.0,4.0,4513.0
173,2017-06-03,2017 StarCraft II StarLeague Season 1 - Challenge,3.0,None,3rd,Dear,1.0,2.0,1675.0
174,2016-09-02,2016 Global StarCraft II League Season 2/Code S,1.0,ByuN,3 - 4th,Dear,0.0,4.0,8142.0
175,2016-04-22,2016 Global StarCraft II League Season 1/Code S,0.0,Zest,3 - 4th,Dear,0.0,4.0,7614.0
176,2015-09-24,2015 Global StarCraft II League Season 3: Code S,3.0,ByuL,3 - 4th,Dear,0.0,4.0,3610.0
177,2014-02-01,ASUS ROG Winter 2014,0.0,San,2nd,Dear,0.0,4.0,5000.0
178,2013-12-06,2013 Hot6ix Cup,1.0,Rain,3 - 4th,Dear,0.0,3.0,3784.0
179,2013-10-27,2013 WCS Season 3,4.0,Soulkey,1st,Dear,1.0,0.0,40000.0
180,2013-10-19,2013 WCS Season 3 Korea GSL/Premier,4.0,soO,1st,Dear,1.0,2.0,20000.0
181,2015-09-10,2015 StarCraft II StarLeague Season 3/Main Event,3.0,herO,3 - 4th,Rain,0.0,4.0,4061.0
182,2015-07-05,HomeStory Cup XI,4.0,Sacsri,1st,Rain,1.0,2.0,10000.0
183,2015-06-28,2015 Global StarCraft II League Season 2/Code S,4.0,ByuL,1st,Rain,1.0,1.0,36099.0
184,2014-12-07,IEM Season IX - San Jose,3.0,herO,2nd,Rain,0.0,4.0,4000.0
185,2014-03-26,2014 Global StarCraft II League Season 1/Code S,2.0,Zest,3 - 4th,Rain,0.0,4.0,7587.0
186,2014-02-16,IEM Season VIII - Cologne,2.0,Polt,3 - 4th,Rain,0.0,3.0,2000.0
187,2013-12-08,2013 Hot6ix Cup,4.0,Soulkey,1st,Rain,1.0,2.0,18923.0
188,2013-08-10,2013 WCS Season 2 Korea OSL: Premier League,2.0,Maru,2nd,Rain,0.0,4.0,12000.0
189,2012-11-18,2012 Battle.net World Championship,3.0,Sen,3rd,Rain,1.0,0.0,16000.0
190,2012-10-27,2012 Auction All Kill OnGameNet Starleague,4.0,DongRaeGu,1st,Rain,1.0,1.0,36486.0
191,2012-10-14,2012 StarCraft II WCS: Asian Finals,2.0,PartinG,1st,Rain,1.0,0.0,24000.0
192,2012-10-10,2012 Global StarCraft II League Season 4: Code S,2.0,Mvp,3 - 4th,Rain,0.0,3.0,4523.0
193,2018-04-08,2018 AfreecaTV GSL Super Tournament 1,1.0,Stats,3 - 4th,herO,0.0,3.0,2349.0
194,2017-10-01,2017 AfreecaTV GSL Super Tournament 2,3.0,Rogue,2nd,herO,0.0,4.0,4490.0
195,2017-07-30,IEM Season XII - Shanghai,1.0,Rogue,2nd,herO,0.0,4.0,4000.0
196,2017-06-03,2017 StarCraft II StarLeague Season 1 - Challenge,4.0,None,1st,herO,1.0,1.0,1935.0
197,2017-04-09,2017 AfreecaTV GSL Super Tournament 1,4.0,aLive,1st,herO,1.0,2.0,10780.0
198,2015-09-20,2015 StarCraft II StarLeague Season 3/Main Event,4.0,ByuL,1st,herO,1.0,2.0,36099.0
199,2015-07-19,IEM Season X - Shenzhen,2.0,Classic,3 - 4th,herO,0.0,3.0,2000.0
200,2015-06-04,2015 StarCraft II StarLeague Season 2/Main Event,0.0,Dream,3 - 4th,herO,0.0,4.0,4061.0
201,2015-05-05,GiGA internet 2015 KeSPA Cup Season 1,4.0,Dark,1st,herO,1.0,3.0,9110.0
202,2015-03-18,2015 Global StarCraft II League Season 1/Code S,3.0,Life,3 - 4th,herO,0.0,4.0,3610.0
203,2014-12-07,IEM Season IX - San Jose,4.0,Rain,1st,herO,1.0,3.0,10000.0
204,2014-09-27,2014 DreamHack Open: Stockholm,1.0,Solar,3 - 4th,herO,0.0,2.0,3000.0
205,2014-09-14,2014 KeSPA Cup,1.0,Zest,2nd,herO,0.0,4.0,9790.0
206,2014-03-16,IEM Season VIII - World Championship,1.0,sOs,2nd,herO,0.0,4.0,0.0
207,2014-02-01,IEM Season VIII - Sao Paulo,4.0,MC,1st,herO,1.0,1.0,10000.0
208,2013-12-01,IEM Season VIII - Singapore,4.0,San,1st,herO,1.0,2.0,10000.0
209,2012-10-14,2012 StarCraft II WCS: Asian Finals,1.0,PartinG,4th,herO,0.0,2.0,1800.0
210,2016-10-03,2016 KeSPA Cup,0.0,Neeb,2nd,Trap,0.0,4.0,9050.0
211,2015-03-15,IEM Season IX - World Championship,1.0,Zest,2nd,Trap,0.0,4.0,15000.0
212,2014-09-21,Red Bull Battle Grounds: Washington,1.0,Polt,4th,Trap,0.0,2.0,4000.0
213,2014-06-22,2014 MLG Anaheim,2.0,Polt,1st,Trap,1.0,0.0,15000.0
214,2013-10-27,2013 WCS Season 3,0.0,Soulkey,3 - 4th,Trap,0.0,3.0,10000.0
215,2017-06-01,2017 StarCraft II StarLeague Season 1: Premier,2.0,Solar,3rd,ByuL,0.0,3.0,6673.0
216,2017-04-09,2017 AfreecaTV GSL Super Tournament 1,0.0,herO,3 - 4th,ByuL,0.0,3.0,2250.0
217,2016-12-17,IEM Season XI - Gyeonggi,2.0,Stats,3 - 4th,ByuL,0.0,3.0,2500.0
218,2015-10-04,2015 Global StarCraft II League Season 3: Code S,2.0,INnoVation,2nd,ByuL,0.0,4.0,9025.0
219,2015-09-20,2015 StarCraft II StarLeague Season 3/Main Event,2.0,herO,2nd,ByuL,0.0,4.0,9025.0
220,2015-06-28,2015 Global StarCraft II League Season 2/Code S,1.0,Rain,2nd,ByuL,0.0,4.0,9025.0
221,2015-05-05,GiGA internet 2015 KeSPA Cup Season 1,0.0,herO,3 - 4th,ByuL,0.0,3.0,1822.0
222,2013-10-20,2013 WCS Season 3 America/Premier,1.0,Polt,2nd,ByuL,0.0,4.0,12000.0
223,2015-11-28,DreamHack ROCCAT LotV Championship,3.0,Solar,2nd,PartinG,0.0,4.0,10000.0
224,2015-08-31,MSI Masters Gaming Arena 2015,1.0,Solar,3 - 4th,PartinG,0.0,2.0,2000.0
225,2015-07-19,IEM Season X - Shenzhen,1.0,Classic,2nd,PartinG,0.0,4.0,4000.0
226,2015-05-09,2015 DreamHack Open: Tours,3.0,GuMiho,1st,PartinG,1.0,1.0,10000.0
227,2015-03-22,2015 Global StarCraft II League Season 1/Code S,3.0,Life,2nd,PartinG,0.0,4.0,9025.0
228,2015-02-01,IEM Season IX - Taipei,1.0,Life,3 - 4th,PartinG,0.0,3.0,2000.0
229,2014-11-16,HomeStory Cup X,4.0,Flash,1st,PartinG,1.0,3.0,10000.0
230,2014-11-02,MSI Beat IT 2014,3.0,Solar,2nd,PartinG,0.0,4.0,5000.0
231,2014-04-26,2014 GSL Global Championship,3.0,Zest,2nd,PartinG,0.0,4.0,3700.0
232,2013-12-01,World Cyber Games 2013,3.0,Jim,3rd,PartinG,1.0,1.0,7500.0
233,2013-11-24,Red Bull Battle Grounds New York City,4.0,sOs,1st,PartinG,1.0,1.0,20000.0
234,2013-01-20,IEM Season VII - Katowice,1.0,Dream,3 - 4th,PartinG,0.0,3.0,1700.0
235,2012-12-22,2012 GSL Blizzard Cup,2.0,Life,2nd,PartinG,0.0,4.0,9307.0
236,2012-12-02,World Cyber Games 2012,2.0,Adelscott,1st,PartinG,1.0,0.0,25000.0
237,2012-11-18,2012 Battle.net World Championship,4.0,Creator,1st,PartinG,1.0,2.0,100000.0
238,2012-10-14,2012 StarCraft II WCS: Asian Finals,0.0,Rain,2nd,PartinG,0.0,2.0,9000.0
239,2012-08-25,2012 StarCraft II WCS: South Korea Finals,1.0,Creator,3rd,PartinG,0.0,2.0,1580.0
240,2012-05-10,2012 Global StarCraft II League Season 2: Code S,1.0,Mvp,3 - 4th,PartinG,0.0,3.0,4277.0
241,2018-11-03,2018 WCS Global Finals,4.0,Stats,1st,Serral,1.0,2.0,280000.0
242,2018-09-09,2018 WCS Montreal,4.0,Reynor,1st,Serral,1.0,3.0,20000.0
243,2018-08-05,2018 GSL vs the World,4.0,Stats,1st,Serral,1.0,3.0,26901.0
244,2018-07-14,2018 WCS Valencia,4.0,Has,1st,Serral,1.0,1.0,20000.0
245,2018-06-03,2018 WCS Austin,4.0,MaNa,1st,Serral,1.0,2.0,20000.0
246,2018-03-17,World Electronic Sports Games 2017,3.0,Classic,3rd,Serral,1.0,1.0,40000.0
247,2018-03-04,IEM Season XII - World Championship,0.0,Classic,3 - 4th,Serral,0.0,3.0,26000.0
248,2018-01-28,2018 WCS Leipzig,4.0,ShoWTimE,1st,Serral,1.0,2.0,20000.0
249,2017-06-19,2017 WCS Jönköping,3.0,Neeb,2nd,Serral,0.0,4.0,10000.0
250,2018-11-03,2018 WCS Global Finals,0.0,Stats,3 - 4th,sOs,0.0,3.0,56000.0
251,2018-09-30,2018 AfreecaTV GSL Super Tournament 2,3.0,Classic,2nd,sOs,0.0,4.0,4443.0
252,2018-02-07,IEM Season XII - PyeongChang,1.0,Scarlett,2nd,sOs,0.0,4.0,25000.0
253,2017-09-16,2017 Global StarCraft II League Season 3: Code S,3.0,INnoVation,2nd,sOs,0.0,4.0,13371.0
254,2017-03-15,2017 Global StarCraft II League Season 1/Code S,2.0,soO,3 - 4th,sOs,0.0,4.0,6720.0
255,2016-09-25,2016 WCS Korea Season 2 Cross Finals,1.0,Solar,3 - 4th,sOs,0.0,3.0,0.0
256,2016-09-10,2016 Global StarCraft II League Season 2/Code S,1.0,ByuN,2nd,sOs,0.0,4.0,18094.0
257,2015-11-07,2015 WCS Global Finals,4.0,Life,1st,sOs,1.0,3.0,100000.0
258,2015-09-25,2015 DreamHack Open: Stockholm,2.0,Solar,3 - 4th,sOs,0.0,3.0,3000.0
259,2015-08-31,MSI Masters Gaming Arena 2015,3.0,Solar,1st,sOs,1.0,0.0,10000.0
260,2015-06-17,2015 Global StarCraft II League Season 2/Code S,2.0,ByuL,3 - 4th,sOs,0.0,4.0,3610.0
261,2014-12-07,2014 Hot6ix Cup,4.0,MarineKing,1st,sOs,1.0,1.0,18188.0
262,2014-03-16,IEM Season VIII - World Championship,4.0,herO,1st,sOs,1.0,1.0,100000.0
263,2013-11-24,Red Bull Battle Grounds New York City,1.0,PartinG,2nd,sOs,0.0,4.0,10000.0
264,2013-11-09,2013 WCS Global Finals,4.0,Jaedong,1st,sOs,1.0,1.0,100000.0
265,2013-06-09,2013 WCS Season 1,0.0,INnoVation,2nd,sOs,0.0,4.0,20000.0
266,2013-05-23,2013 WCS Season 1 Korea GSL: Code S,2.0,INnoVation,3 - 4th,sOs,0.0,4.0,7000.0
267,2018-09-30,2018 AfreecaTV GSL Super Tournament 2,2.0,sOs,3 - 4th,Solar,0.0,3.0,2221.0
268,2017-11-12,HomeStory Cup XVI,1.0,Zest,2nd,Solar,0.0,4.0,4000.0
269,2017-06-10,2017 StarCraft II StarLeague Season 1: Premier,1.0,INnoVation,2nd,Solar,0.0,4.0,8945.0
270,2017-04-09,2017 AfreecaTV GSL Super Tournament 1,2.0,aLive,3 - 4th,Solar,0.0,3.0,2250.0
271,2016-09-25,2016 WCS Korea Season 2 Cross Finals,2.0,Dark,2nd,Solar,0.0,3.0,4290.0
272,2016-09-11,2016 StarCraft II StarLeague Season 2/Main Event,4.0,Dark,1st,Solar,1.0,3.0,35850.0
273,2016-03-31,2016 StarCraft II StarLeague Season 1/Main Event,3.0,Stats,3rd,Solar,0.0,4.0,7614.0
274,2015-11-28,DreamHack ROCCAT LotV Championship,4.0,PartinG,1st,Solar,1.0,3.0,20000.0
275,2015-09-25,2015 DreamHack Open: Stockholm,3.0,HyuN,1st,Solar,1.0,1.0,10000.0
276,2015-08-31,MSI Masters Gaming Arena 2015,0.0,sOs,2nd,Solar,0.0,3.0,4000.0
277,2014-11-02,MSI Beat IT 2014,4.0,PartinG,1st,Solar,1.0,3.0,10000.0
278,2014-09-27,2014 DreamHack Open: Stockholm,3.0,soO,1st,Solar,1.0,0.0,10000.0
279,2014-07-20,IEM Season IX - Shenzhen,3.0,TaeJa,2nd,Solar,0.0,4.0,4000.0
280,2018-03-21,2018 Global StarCraft II League Season 1/Code S,3.0,Stats,3 - 4th,soO,0.0,4.0,7034.0
281,2017-11-04,2017 WCS Global Finals,2.0,Rogue,2nd,soO,0.0,4.0,140000.0
282,2017-09-18,2017 StarCraft II StarLeague Season 2 - Challenge,4.0,None,1st,soO,1.0,1.0,1770.0
283,2017-08-05,2017 GSL vs the World,1.0,TY,3 - 4th,soO,0.0,3.0,6700.0
284,2017-06-24,2017 Global StarCraft II League Season 2/Code S,2.0,GuMiho,2nd,soO,0.0,4.0,13430.0
285,2017-03-25,2017 Global StarCraft II League Season 1/Code S,2.0,Stats,2nd,soO,0.0,4.0,13440.0
286,2015-08-09,IEM Season X - gamescom,1.0,INnoVation,2nd,soO,0.0,4.0,4000.0
287,2015-07-12,LOTTE Homeshopping 2015 KeSPA Cup Season 2,4.0,Dark,1st,soO,1.0,1.0,8938.0
288,2014-10-04,2014 Global StarCraft II League Season 3: Code S,2.0,INnoVation,2nd,soO,0.0,4.0,14274.0
289,2014-09-27,2014 DreamHack Open: Stockholm,0.0,Solar,2nd,soO,0.0,3.0,5000.0
290,2014-06-28,2014 Global StarCraft II League Season 2/Code S,2.0,Classic,2nd,soO,0.0,4.0,14795.0
291,2014-04-26,2014 GSL Global Championship,2.0,Zest,3 - 4th,soO,0.0,3.0,1850.0
292,2014-04-05,2014 Global StarCraft II League Season 1/Code S,3.0,Zest,2nd,soO,0.0,4.0,14226.0
293,2013-10-19,2013 WCS Season 3 Korea GSL/Premier,2.0,Dear,2nd,soO,0.0,4.0,12000.0
294,2016-12-12,World Cyber Arena 2016 Global Finals,1.0,ByuN,2nd,Patience,0.0,3.0,14540.0
295,2016-11-20,HomeStory Cup XIV,4.0,Zest,1st,Patience,1.0,3.0,10000.0
296,2016-09-01,2016 StarCraft II StarLeague Season 2/Main Event,1.0,Solar,3 - 4th,Patience,0.0,4.0,8066.0
297,2016-03-17,2016 StarCraft II StarLeague Season 1/Main Event,0.0,Stats,4th,Patience,0.0,4.0,7614.0
298,2015-07-17,2015 DreamHack Open: Valencia,2.0,Curious,3 - 4th,Patience,0.0,3.0,3000.0
299,2013-11-30,2013 DreamHack Open: Winter,1.0,Life,3rd,Patience,0.0,3.0,9146.0
300,2017-09-18,2017 StarCraft II StarLeague Season 2 - Challenge,3.0,None,3rd,ByuN,1.0,2.0,1858.0
301,2017-07-30,IEM Season XII - Shanghai,1.0,Rogue,3 - 4th,ByuN,0.0,3.0,2000.0
302,2017-06-03,2017 StarCraft II StarLeague Season 1 - Challenge,3.0,None,4th,ByuN,1.0,2.0,1675.0
303,2016-12-12,World Cyber Arena 2016 Global Finals,3.0,Patience,1st,ByuN,1.0,1.0,21800.0
304,2016-11-05,2016 WCS Global Playoffs and Finals,4.0,Dark,1st,ByuN,1.0,2.0,200000.0
305,2016-09-25,2016 WCS Korea Season 2 Cross Finals,2.0,Dark,3 - 4th,ByuN,0.0,3.0,0.0
306,2016-09-10,2016 Global StarCraft II League Season 2/Code S,4.0,sOs,1st,ByuN,1.0,1.0,36189.0
307,2012-07-19,2012 Global StarCraft II League Season 3: Code S,2.0,Seed,3 - 4th,ByuN,0.0,3.0,4392.0
308,2011-07-25,2011 Global StarCraft II League July: Code S,0.0,LosirA,3 - 4th,ByuN,0.0,3.0,4500.0
309,2011-01-21,2011 Sony Ericsson Global StarCraft II League January: Code A,3.0,TOP,2nd,ByuN,0.0,4.0,896.0
310,2018-09-08,2018 Global StarCraft II League Season 3/Code S,2.0,TY,3 - 4th,Neeb,0.0,4.0,7035.0
311,2018-01-28,2018 WCS Leipzig,2.0,ShoWTimE,3 - 4th,Neeb,0.0,3.0,6500.0
312,2017-09-10,2017 WCS Montreal,4.0,Snute,1st,Neeb,1.0,0.0,25000.0
313,2017-06-19,2017 WCS Jönköping,4.0,Serral,1st,Neeb,1.0,3.0,25000.0
314,2017-04-30,2017 WCS Austin,4.0,Nerchio,1st,Neeb,1.0,2.0,25000.0
315,2017-01-15,World Electronic Sports Games 2016,3.0,ShoWTimE,3rd,Neeb,1.0,1.0,50000.0
316,2016-10-03,2016 KeSPA Cup,4.0,Trap,1st,Neeb,1.0,0.0,18100.0
317,2016-09-11,WCS Copa Intercontinental,3.0,uThermal,3rd,Neeb,1.0,0.0,6000.0
318,2016-08-14,2016 WCS Circuit: Summer Circuit Championship,1.0,Polt,3 - 4th,Neeb,0.0,3.0,10000.0
319,2016-07-31,IEM Season XI - Shanghai,2.0,uThermal,2nd,Neeb,0.0,4.0,8000.0
320,2016-05-08,2016 DreamHack Open: Austin,2.0,Hydra,2nd,Neeb,0.0,4.0,8000.0
321,2014-12-07,2014 Hot6ix Cup,1.0,sOs,2nd,MarineKing,0.0,4.0,7275.0
322,2013-01-26,Iron Squid – Chapter II,0.0,NesTea,4th,MarineKing,0.0,3.0,2500.0
323,2012-06-10,2012 MLG Spring Championship,0.0,Alicia,3rd,MarineKing,0.0,2.0,9000.0
324,2012-03-25,2012 MLG Winter Championship,5.0,DongRaeGu,1st,MarineKing,1.0,2.0,25000.0
325,2012-02-26,2012 MLG Winter Arena,4.0,DongRaeGu,1st,MarineKing,1.0,2.0,10000.0
326,2011-10-23,Electronic Sports World Cup 2011,3.0,Grubby,3rd,MarineKing,1.0,1.0,8000.0
327,2011-08-29,2011 Global StarCraft II League August: Code A,3.0,GanZi,2nd,MarineKing,0.0,4.0,930.0
328,2011-06-13,LG Cinema 3D Super Tournament,2.0,MMA,3 - 4th,MarineKing,0.0,3.0,9300.0
329,2011-04-09,2011 LG Cinema 3D World Championship Seoul,2.0,Mvp,2nd,MarineKing,0.0,4.0,13470.0
330,2011-01-29,2011 Sony Ericsson Global StarCraft II League January: Code S,0.0,Mvp,2nd,MarineKing,0.0,4.0,17934.0
331,2010-11-13,2010 Sony Ericsson StarCraft II Open Season 2,3.0,NesTea,2nd,MarineKing,0.0,4.0,26700.0
332,2015-07-12,LOTTE Homeshopping 2015 KeSPA Cup Season 2,1.0,soO,3 - 4th,Flash,0.0,3.0,1788.0
333,2014-11-16,HomeStory Cup X,3.0,PartinG,2nd,Flash,0.0,4.0,6500.0
334,2014-09-13,2014 KeSPA Cup,0.0,herO,3 - 4th,Flash,0.0,3.0,4895.0
335,2014-08-31,IEM Season IX - Toronto,4.0,Zest,1st,Flash,1.0,1.0,10000.0
336,2013-03-17,2013 MLG Winter Championship,2.0,Life,2nd,Flash,0.0,4.0,15000.0
337,2012-11-04,2012 MLG Fall Championship,2.0,Life,3 - 4th,Flash,0.0,4.0,7250.0
338,2014-11-02,MSI Beat IT 2014,0.0,Rogue,4th,YoDa,0.0,3.0,2000.0
339,2014-10-05,2014 WCS Season 3 Europe/Premier,2.0,MMA,2nd,YoDa,0.0,4.0,15000.0
340,2013-03-09,IEM Season VII - World Championship,4.0,First,1st,YoDa,1.0,0.0,30000.0
341,2013-12-01,IEM Season VIII - Singapore,0.0,herO,3 - 4th,DongRaeGu,0.0,3.0,2000.0
342,2013-01-26,Iron Squid – Chapter II,3.0,Life,2nd,DongRaeGu,0.0,4.0,6250.0
343,2012-10-27,2012 Auction All Kill OnGameNet Starleague,1.0,Rain,2nd,DongRaeGu,0.0,4.0,18243.0
344,2012-07-19,2012 Global StarCraft II League Season 3: Code S,0.0,MC,3 - 4th,DongRaeGu,0.0,3.0,4392.0
345,2012-06-10,2012 MLG Spring Championship,3.0,Alicia,1st,DongRaeGu,1.0,1.0,25000.0
346,2012-03-25,2012 MLG Winter Championship,2.0,MarineKing,2nd,DongRaeGu,0.0,5.0,15000.0
347,2012-03-03,2012 Global StarCraft II League Season 1: Code S,4.0,Genius,1st,DongRaeGu,1.0,2.0,44837.0
348,2012-02-26,2012 MLG Winter Arena,2.0,MarineKing,2nd,DongRaeGu,0.0,4.0,6000.0
349,2011-12-17,2011 GSL Blizzard Cup,3.0,MMA,2nd,DongRaeGu,0.0,4.0,8600.0
350,2011-11-20,2011 MLG Pro Circuit Championship Providence,3.0,Leenock,3rd,DongRaeGu,0.0,4.0,15000.0
351,2011-10-16,IEM Season VI - Global Challenge New York,3.0,FruitDealer,1st,DongRaeGu,1.0,2.0,6500.0
352,2011-08-28,2011 MLG Pro Circuit Raleigh,1.0,CoCa,3rd,DongRaeGu,0.0,2.0,2000.0
353,2015-07-17,2015 DreamHack Open: Valencia,3.0,TRUE,1st,Curious,1.0,0.0,10000.0
354,2015-06-19,2015 Global StarCraft II League Season 2/Code S,2.0,Rain,3 - 4th,Curious,0.0,4.0,3610.0
355,2013-10-13,IEM Season VIII - New York,0.0,Life,3 - 4th,Curious,0.0,3.0,2000.0
356,2013-02-28,2013 Global StarCraft II League Season 1: Code S,2.0,Symbol,3 - 4th,Curious,0.0,4.0,4683.0
357,2011-10-10,2011 Global StarCraft II League October: Code A,4.0,Oz,1st,Curious,1.0,0.0,1285.0
358,2014-11-29,2014 DreamHack Open: Winter,2.0,Life,3rd,TaeJa,0.0,3.0,10000.0
359,2014-11-16,HomeStory Cup X,0.0,Flash,3 - 4th,TaeJa,0.0,3.0,2500.0
360,2014-11-08,2014 WCS Global Finals,2.0,Life,3 - 4th,TaeJa,0.0,3.0,15000.0
361,2014-08-31,IEM Season IX - Toronto,1.0,Flash,3 - 4th,TaeJa,0.0,3.0,2000.0
362,2014-08-24,Red Bull Battle Grounds: Detroit,0.0,Polt,2nd,TaeJa,0.0,3.0,4000.0
363,2014-07-20,IEM Season IX - Shenzhen,4.0,Solar,1st,TaeJa,1.0,3.0,10000.0
364,2014-06-16,2014 DreamHack Open: Summer,3.0,HerO,1st,TaeJa,1.0,0.0,10000.0
365,2014-06-08,HomeStory Cup IX,4.0,MC,1st,TaeJa,1.0,0.0,10000.0
366,2014-03-15,IEM Season VIII - World Championship,1.0,sOs,3 - 4th,TaeJa,0.0,3.0,0.0
367,2013-11-30,2013 DreamHack Open: Winter,4.0,Life,1st,TaeJa,1.0,2.0,30490.0
368,2013-11-17,HomeStory Cup VIII,4.0,HyuN,1st,TaeJa,1.0,0.0,10000.0
369,2013-09-15,2013 DreamHack Open: Bucharest,3.0,INnoVation,1st,TaeJa,1.0,0.0,9216.0
370,2013-08-25,2013 WCS Season 2,2.0,Bomber,3 - 4th,TaeJa,0.0,3.0,10000.0
371,2013-08-11,2013 WCS Season 2 America/Premier,2.0,Polt,3 - 4th,TaeJa,0.0,3.0,7000.0
372,2013-08-03,ASUS ROG Summer 2013,3.0,San,1st,TaeJa,1.0,1.0,10000.0
373,2013-06-23,HomeStory Cup VII,4.0,Snute,1st,TaeJa,1.0,3.0,10000.0
374,2013-06-17,DreamHack Open Summer 2013,0.0,Jaedong,3 - 4th,TaeJa,0.0,2.0,3094.0
375,2013-03-01,2013 Global StarCraft II League Season 1: Code S,1.0,RorO,3 - 4th,TaeJa,0.0,4.0,4683.0
376,2012-11-24,DreamHack EIZO Open: Winter,0.0,HerO,2nd,TaeJa,0.0,4.0,15090.0
377,2012-10-10,2012 Global StarCraft II League Season 4: Code S,0.0,Life,3 - 4th,TaeJa,0.0,3.0,4523.0
378,2012-09-23,DreamHack EIZO Open: Valencia,3.0,ForGG,1st,TaeJa,1.0,2.0,10660.0
379,2012-08-26,2012 MLG Summer Championship,0.0,First,3 - 4th,TaeJa,0.0,2.0,7250.0
380,2012-08-04,ASUS ROG Summer 2012,4.0,MC,1st,TaeJa,1.0,1.0,13000.0
381,2012-07-22,2012 MLG Summer Arena,4.0,Alicia,1st,TaeJa,1.0,2.0,10000.0
382,2011-08-22,2011 Global StarCraft II League August: Code A,0.0,GanZi,3 - 4th,TaeJa,0.0,3.0,740.0
383,2014-07-19,2014 DreamHack Open: Valencia,2.0,Sacsri,2nd,MC,0.0,3.0,5000.0
384,2014-06-08,HomeStory Cup IX,0.0,TaeJa,2nd,MC,0.0,4.0,6500.0
385,2014-04-13,2014 WCS Season 1 Europe/Premier,4.0,MMA,1st,MC,1.0,2.0,25000.0
386,2014-02-01,IEM Season VIII - Sao Paulo,1.0,herO,2nd,MC,0.0,4.0,4000.0
387,2013-11-24,Red Bull Battle Grounds New York City,0.0,Scarlett,4th,MC,0.0,2.0,4000.0
388,2013-10-06,2013 WCS Season 3 Europe/Premier,2.0,MMA,2nd,MC,0.0,4.0,12000.0
389,2013-08-11,2013 WCS Season 2 Europe/Premier,3.0,duckdeok,2nd,MC,0.0,4.0,12000.0
390,2013-07-28,IEM Season VIII - Shanghai,1.0,Revival,3 - 4th,MC,0.0,3.0,2000.0
391,2013-03-17,2013 MLG Winter Championship,1.0,INnoVation,4th,MC,0.0,2.0,6000.0
392,2012-10-20,2012 Auction All Kill OnGameNet Starleague,4.0,Last,3rd,MC,1.0,3.0,7297.0
393,2012-08-04,ASUS ROG Summer 2012,1.0,TaeJa,2nd,MC,0.0,4.0,6500.0
394,2012-07-27,2012 Global StarCraft II League Season 3: Code S,1.0,Seed,2nd,MC,0.0,4.0,17571.0
395,2012-07-15,North American Star League Season 3,4.0,Ret,3rd,MC,1.0,0.0,10000.0
396,2012-07-08,HomeStory Cup V,3.0,Golden,3rd,MC,1.0,0.0,3000.0
397,2012-05-27,Red Bull Battlegrounds: Austin,4.0,Bomber,1st,MC,1.0,2.0,15000.0
398,2012-05-20,2012 MLG Spring Arena 2,0.0,Symbol,4th,MC,0.0,2.0,2200.0
399,2012-03-10,IEM Season VI - World Championship,3.0,PuMa,1st,MC,1.0,2.0,35000.0
400,2012-01-08,HomeStory Cup IV,4.0,Sound,1st,MC,1.0,0.0,7500.0
401,2011-12-15,2011 GSL Blizzard Cup,2.0,DongRaeGu,3 - 4th,MC,0.0,3.0,4300.0
402,2011-10-16,2011 MLG Pro Circuit Orlando,1.0,HuK,2nd,MC,0.0,4.0,3000.0
403,2011-10-06,IGN ProLeague Season 3: Pool B,3.0,None,1st,MC,1.0,0.0,1000.0
404,2011-08-21,IEM Season VI - Global Challenge Cologne,0.0,PuMa,2nd,MC,0.0,3.0,3300.0
405,2011-07-10,North American Star League Season 1,3.0,PuMa,2nd,MC,0.0,4.0,25000.0
406,2011-06-05,2011 MLG Pro Circuit Columbus,1.0,LosirA,3rd,MC,0.0,2.0,2000.0
407,2011-04-05,2011 LG Cinema 3D World Championship Seoul,2.0,MarineKing,3 - 4th,MC,0.0,3.0,8980.0
408,2011-03-19,2011 2nd Generation Intel® Core™ Global StarCraft II League March: Code S,4.0,July,1st,MC,1.0,1.0,44480.0
409,2010-12-18,2010 Sony Ericsson StarCraft II Open Season 3,4.0,Rain,1st,MC,1.0,1.0,86700.0
410,2015-09-25,2015 DreamHack Open: Stockholm,1.0,Solar,2nd,HyuN,0.0,3.0,5000.0
411,2015-07-17,2015 DreamHack Open: Valencia,0.0,TRUE,3 - 4th,HyuN,0.0,3.0,3000.0
412,2015-05-09,2015 DreamHack Open: Tours,1.0,PartinG,3 - 4th,HyuN,0.0,3.0,3000.0
413,2014-10-12,2014 WCS Season 3 America/Premier,1.0,Heart,3 - 4th,HyuN,0.0,3.0,7500.0
414,2014-08-09,Taiwan eSports League 2014 TWOP,3.0,Sen,2nd,HyuN,0.0,4.0,5000.0
415,2014-07-06,2014 WCS Season 2 America/Premier,1.0,Pigbaby,3 - 4th,HyuN,0.0,3.0,7500.0
416,2014-04-13,2014 WCS Season 1 America/Premier,4.0,Oz,1st,HyuN,1.0,2.0,25000.0
417,2013-11-17,HomeStory Cup VIII,0.0,TaeJa,2nd,HyuN,0.0,4.0,6500.0
418,2013-10-13,IEM Season VIII - New York,2.0,NaNiwa,3 - 4th,HyuN,0.0,3.0,2000.0
419,2013-08-03,ASUS ROG Summer 2013,0.0,San,3 - 4th,HyuN,0.0,3.0,3000.0
420,2013-07-20,DreamHack Open Valencia 2013,3.0,Jaedong,1st,HyuN,1.0,1.0,9181.0
421,2013-06-30,2013 MLG Spring Championship,2.0,Polt,2nd,HyuN,0.0,3.0,6000.0
422,2013-06-23,HomeStory Cup VII,2.0,TLO,4th,HyuN,0.0,3.0,2000.0
423,2012-12-02,2012 Global StarCraft II League Season 5: Code S,3.0,Sniper,2nd,HyuN,0.0,4.0,18602.0
424,2013-08-25,2013 WCS Season 2,0.0,Jaedong,3 - 4th,First,0.0,3.0,10000.0
425,2013-03-09,IEM Season VII - World Championship,0.0,YoDa,2nd,First,0.0,4.0,15000.0
426,2013-01-20,IEM Season VII - Katowice,3.0,Dream,1st,First,1.0,1.0,6500.0
427,2012-08-26,2012 MLG Summer Championship,1.0,Leenock,2nd,First,0.0,4.0,15000.0
428,2012-07-22,2012 MLG Summer Arena,0.0,TaeJa,3 - 4th,First,0.0,2.0,2900.0
429,2015-09-13,2015 WCS Season 3/Premier,1.0,MaNa,3 - 4th,ForGG,0.0,3.0,10000.0
430,2014-11-29,2014 DreamHack Open: Winter,4.0,Life,1st,ForGG,1.0,2.0,30000.0
431,2014-09-27,2014 DreamHack Open: Stockholm,0.0,soO,3 - 4th,ForGG,0.0,2.0,3000.0
432,2014-07-06,2014 WCS Season 2 Europe/Premier,1.0,StarDust,3 - 4th,ForGG,0.0,3.0,7500.0
433,2014-02-01,ASUS ROG Winter 2014,2.0,Dear,3 - 4th,ForGG,0.0,3.0,3000.0
434,2013-05-26,2013 WCS Season 1 Europe/Premier,1.0,Stephano,3 - 4th,ForGG,0.0,3.0,7000.0
435,2012-11-03,Electronic Sports World Cup 2012,0.0,MaNa,2nd,ForGG,0.0,2.0,12000.0
436,2012-09-23,DreamHack EIZO Open: Valencia,2.0,TaeJa,2nd,ForGG,0.0,3.0,6091.0
437,2012-08-04,ASUS ROG Summer 2012,3.0,Moon,3rd,ForGG,1.0,0.0,4000.0
438,2015-12-20,HomeStory Cup XII,4.0,FireCake,1st,MMA,1.0,1.0,10000.0
439,2015-08-09,IEM Season X - gamescom,0.0,INnoVation,3 - 4th,MMA,0.0,3.0,2000.0
440,2015-03-11,2015 Global StarCraft II League Season 1/Code S,1.0,PartinG,3 - 4th,MMA,0.0,4.0,3610.0
441,2014-11-08,2014 WCS Global Finals,1.0,Life,2nd,MMA,0.0,4.0,50000.0
442,2014-10-05,2014 WCS Season 3 Europe/Premier,4.0,YoDa,1st,MMA,1.0,2.0,25000.0
443,2014-09-14,2014 DreamHack Open: Moscow,3.0,jjakji,1st,MMA,1.0,1.0,10000.0
444,2014-04-13,2014 WCS Season 1 Europe/Premier,2.0,MC,2nd,MMA,0.0,4.0,15000.0
445,2013-10-06,2013 WCS Season 3 Europe/Premier,4.0,MC,1st,MMA,1.0,2.0,20000.0
446,2013-09-15,2013 DreamHack Open: Bucharest,1.0,INnoVation,3 - 4th,MMA,0.0,2.0,3072.0
447,2013-08-11,2013 WCS Season 2 Europe/Premier,1.0,MC,3 - 4th,MMA,0.0,3.0,7000.0
448,2012-05-05,Iron Squid – Chapter I,4.0,Symbol,1st,MMA,1.0,2.0,12500.0
449,2012-04-08,IGN ProLeague Season 4,0.0,Squirtle,4th,MMA,0.0,2.0,5000.0
450,2012-03-10,IEM Season VI - World Championship,3.0,Feast,3rd,MMA,1.0,0.0,9000.0
451,2012-01-22,IEM Season VI - Global Challenge Kiev,3.0,DIMAGA,1st,MMA,1.0,1.0,6500.0
452,2011-12-17,2011 GSL Blizzard Cup,4.0,DongRaeGu,1st,MMA,1.0,3.0,34400.0
453,2011-10-22,2011 Global StarCraft II League October: Code S,4.0,Mvp,1st,MMA,1.0,1.0,43580.0
454,2011-10-09,IGN ProLeague Season 3,0.0,Lucky,3 - 4th,MMA,0.0,3.0,7000.0
455,2011-07-31,2011 MLG Pro Circuit Anaheim,1.0,Mvp,2nd,MMA,0.0,2.0,3000.0
456,2011-06-18,LG Cinema 3D Super Tournament,0.0,Polt,2nd,MMA,0.0,4.0,27900.0
457,2011-06-05,2011 MLG Pro Circuit Columbus,4.0,LosirA,1st,MMA,1.0,1.0,5000.0
458,2014-04-27,2014 DreamHack Open: Bucharest,0.0,Life,2nd,Impact,0.0,3.0,5000.0
459,2018-02-07,IEM Season XII - PyeongChang,4.0,sOs,1st,Scarlett,1.0,1.0,50000.0
460,2016-06-26,HomeStory Cup XIII,2.0,Harstem,2nd,Scarlett,0.0,4.0,4000.0
461,2014-06-22,2014 MLG Anaheim,1.0,Trap,4th,Scarlett,0.0,2.0,3500.0
462,2014-06-08,HomeStory Cup IX,1.0,TaeJa,3 - 4th,Scarlett,0.0,3.0,2500.0
463,2013-12-07,ASUS ROG NorthCon 2013,2.0,Jaedong,2nd,Scarlett,0.0,4.0,5000.0
464,2013-11-24,Red Bull Battle Grounds New York City,2.0,MC,3rd,Scarlett,1.0,0.0,6000.0
465,2013-08-11,2013 WCS Season 2 America/Premier,2.0,Jaedong,3 - 4th,Scarlett,0.0,3.0,7000.0
466,2013-10-13,IEM Season VIII - New York,2.0,Life,2nd,NaNiwa,0.0,4.0,4000.0
467,2013-06-30,2013 MLG Spring Championship,1.0,Polt,3 - 4th,NaNiwa,0.0,4.0,3000.0
468,2013-04-27,2013 DreamHack Open: Stockholm,2.0,Leenock,2nd,NaNiwa,0.0,3.0,5325.0
469,2011-11-20,2011 MLG Pro Circuit Championship Providence,1.0,Leenock,2nd,NaNiwa,0.0,4.0,25000.0
470,2011-10-22,BlizzCon 2011 StarCraft II Invitational,1.0,Sen,4th,NaNiwa,0.0,2.0,0.0
471,2011-05-15,PokerStrategy.com TSL3,3.0,ThorZaIN,2nd,NaNiwa,0.0,4.0,7000.0
472,2011-04-03,2011 MLG Pro Circuit Dallas,4.0,KiWiKaKi,1st,NaNiwa,1.0,2.0,5000.0
473,2014-07-19,2014 DreamHack Open: Valencia,0.0,MC,3 - 4th,Leenock,0.0,2.0,3000.0
474,2013-04-27,2013 DreamHack Open: Stockholm,3.0,NaNiwa,1st,Leenock,1.0,2.0,9128.0
475,2012-12-20,2012 GSL Blizzard Cup,1.0,Life,3 - 4th,Leenock,0.0,3.0,4653.0
476,2012-12-02,IGN ProLeague Season 5,4.0,viOLet,1st,Leenock,0.0,4.0,40000.0
477,2012-11-04,2012 MLG Fall Championship,3.0,Life,2nd,Leenock,0.0,4.0,15000.0
478,2012-08-26,2012 MLG Summer Championship,4.0,First,1st,Leenock,1.0,1.0,25000.0
479,2011-12-07,2011 Global StarCraft II League November: Code S,2.0,jjakji,2nd,Leenock,0.0,4.0,17820.0
480,2011-11-20,2011 MLG Pro Circuit Championship Providence,4.0,NaNiwa,1st,Leenock,1.0,1.0,50000.0
481,2011-08-22,2011 Global StarCraft II League August: Code A,1.0,MarineKing,3 - 4th,Leenock,0.0,3.0,740.0
482,2011-07-11,2011 Global StarCraft II League July: Code A,1.0,Tassadar,3 - 4th,Leenock,0.0,3.0,740.0
483,2011-03-09,2011 2nd Generation Intel® Core™ Global StarCraft II League March: Code A,0.0,LosirA,3 - 4th,Leenock,0.0,2.0,710.0
484,2013-06-09,2013 WCS Season 1,2.0,INnoVation,3 - 4th,Mvp,0.0,3.0,10000.0
485,2013-05-26,2013 WCS Season 1 Europe/Premier,4.0,Stephano,1st,Mvp,1.0,1.0,20000.0
486,2013-03-09,IEM Season VII - World Championship,2.0,YoDa,3 - 4th,Mvp,0.0,3.0,7500.0
487,2012-10-20,2012 Global StarCraft II League Season 4: Code S,3.0,Life,2nd,Mvp,0.0,4.0,18092.0
488,2012-08-19,IEM Season VII - Cologne,3.0,Nerchio,1st,Mvp,1.0,1.0,6500.0
489,2012-05-19,2012 Global StarCraft II League Season 2: Code S,4.0,Squirtle,1st,Mvp,1.0,3.0,42778.0
490,2011-12-15,2011 GSL Blizzard Cup,0.0,MMA,3 - 4th,Mvp,0.0,3.0,4300.0
491,2011-12-11,WCG 2011,2.0,XiGua,1st,Mvp,1.0,0.0,20000.0
492,2011-11-28,2011 Global StarCraft II League November: Code S,2.0,Leenock,3 - 4th,Mvp,0.0,3.0,4455.0
493,2011-11-20,2011 MLG Pro Circuit Championship Providence,0.0,Leenock,4th,Mvp,0.0,2.0,10500.0
494,2011-10-22,BlizzCon 2011 StarCraft II Invitational,2.0,NesTea,1st,Mvp,1.0,0.0,50000.0
495,2011-10-22,2011 Global StarCraft II League October: Code S,1.0,MMA,2nd,Mvp,0.0,4.0,17432.0
496,2011-09-10,2011 Global StarCraft II League August: Code S,4.0,TOP,1st,Mvp,1.0,1.0,46000.0
497,2011-07-31,2011 MLG Pro Circuit Anaheim,2.0,MMA,1st,Mvp,1.0,1.0,5000.0
498,2011-05-06,2011 LG Cinema 3D Global StarCraft II League May: Code A,2.0,Bomber,2nd,Mvp,0.0,4.0,920.0
499,2011-04-09,2011 LG Cinema 3D World Championship Seoul,4.0,MarineKing,1st,Mvp,1.0,2.0,26940.0
500,2011-01-29,2011 Sony Ericsson Global StarCraft II League January: Code S,4.0,MarineKing,1st,Mvp,1.0,0.0,44835.0
501,2012-11-18,2012 Battle.net World Championship,2.0,PartinG,2nd,Creator,0.0,4.0,40000.0
502,2012-09-08,TeamLiquid StarLeague 4,4.0,Life,1st,Creator,1.0,2.0,16000.0
503,2012-08-25,2012 StarCraft II WCS: South Korea Finals,4.0,Squirtle,1st,Creator,1.0,1.0,10570.0
504,2013-12-01,World Cyber Games 2013,1.0,Soulkey,2nd,Sora,0.0,3.0,15000.0
505,2015-07-05,HomeStory Cup XI,2.0,Rain,2nd,Sacsri,0.0,4.0,6500.0
506,2014-07-19,2014 DreamHack Open: Valencia,3.0,MC,1st,Sacsri,1.0,2.0,10000.0
507,2017-11-12,HomeStory Cup XVI,2.0,Solar,3 - 4th,Snute,0.0,3.0,2000.0
508,2017-09-10,2017 WCS Montreal,0.0,Neeb,2nd,Snute,0.0,4.0,10000.0
509,2017-07-15,2017 WCS Valencia,3.0,Elazer,2nd,Snute,0.0,4.0,10000.0
510,2016-09-11,WCS Copa Intercontinental,4.0,ShoWTimE,1st,Snute,1.0,2.0,18000.0
511,2016-07-16,2016 DreamHack Open: Valencia,0.0,MarineLorD,3 - 4th,Snute,0.0,3.0,5000.0
512,2016-06-26,HomeStory Cup XIII,0.0,Harstem,3 - 4th,Snute,0.0,3.0,2000.0
513,2016-05-08,2016 DreamHack Open: Austin,1.0,Neeb,3 - 4th,Snute,0.0,3.0,5000.0
514,2016-03-26,Gold Series International 2016,1.0,Harstem,2nd,Snute,0.0,4.0,8000.0
515,2016-03-05,2016 WCS Circuit: Winter Circuit Championship,2.0,Polt,2nd,Snute,0.0,4.0,15000.0
516,2015-12-20,HomeStory Cup XII,2.0,FireCake,3 - 4th,Snute,0.0,3.0,2500.0
517,2014-09-14,2014 DreamHack Open: Moscow,0.0,MMA,3 - 4th,Snute,0.0,2.0,3000.0
518,2014-09-07,World E-sport Championships 2014,1.0,Jaedong,2nd,Snute,0.0,4.0,12960.0
519,2013-06-23,HomeStory Cup VII,3.0,TaeJa,2nd,Snute,0.0,4.0,6500.0
520,2012-12-22,HomeStory Cup VI,4.0,Symbol,1st,Snute,1.0,0.0,10000.0
521,2014-09-06,World E-sport Championships 2014,1.0,Jaedong,3rd,HerO,0.0,2.0,8100.0
522,2014-06-16,2014 DreamHack Open: Summer,0.0,TaeJa,2nd,HerO,0.0,3.0,5000.0
523,2014-02-16,IEM Season VIII - Cologne,4.0,Polt,1st,HerO,1.0,2.0,10000.0
524,2013-07-28,IEM Season VIII - Shanghai,2.0,Oz,3 - 4th,HerO,0.0,3.0,2000.0
525,2013-06-30,2013 MLG Spring Championship,1.0,HyuN,3 - 4th,HerO,0.0,4.0,3000.0
526,2013-06-02,2013 WCS Season 1 America/Premier,4.0,Revival,1st,HerO,1.0,2.0,20000.0
527,2013-04-27,2013 DreamHack Open: Stockholm,1.0,Leenock,3 - 4th,HerO,0.0,2.0,3042.0
528,2012-12-09,North American Star League Season 4,4.0,viOLet,1st,HerO,1.0,2.0,30000.0
529,2012-11-24,DreamHack EIZO Open: Winter,4.0,TaeJa,1st,HerO,1.0,0.0,37726.0
530,2012-10-14,2012 StarCraft II WCS: Asian Finals,0.0,PartinG,3rd,HerO,0.0,2.0,3600.0
531,2012-05-10,2012 Global StarCraft II League Season 2: Code S,0.0,Squirtle,3 - 4th,HerO,0.0,3.0,4277.0
532,2011-12-04,North American Star League Season 2,2.0,PuMa,2nd,HerO,0.0,4.0,20000.0
533,2011-11-28,IGN ProLeague Season 3: Pool C (rematch),2.0,None,1st,HerO,1.0,1.0,1000.0
534,2011-11-26,DreamHack SAPPHIRE AMD Championship,4.0,PuMa,1st,HerO,1.0,3.0,28506.0
535,2014-12-07,IEM Season IX - San Jose,1.0,Rain,3 - 4th,Bomber,0.0,3.0,2000.0
536,2014-10-12,2014 WCS Season 3 America/Premier,4.0,Heart,1st,Bomber,1.0,2.0,25000.0
537,2014-09-21,Red Bull Battle Grounds: Washington,4.0,Cure,1st,Bomber,1.0,0.0,20000.0
538,2014-07-13,Red Bull Battle Grounds: Atlanta,3.0,Polt,1st,Bomber,1.0,1.0,8000.0
539,2014-07-06,2014 WCS Season 2 America/Premier,3.0,Pigbaby,2nd,Bomber,0.0,4.0,15000.0
540,2013-11-09,2013 WCS Global Finals,1.0,sOs,3 - 4th,Bomber,0.0,3.0,17500.0
541,2013-08-25,2013 WCS Season 2,4.0,Jaedong,1st,Bomber,1.0,0.0,40000.0
542,2013-08-01,2013 WCS Season 2 Korea OSL: Premier League,1.0,Rain,3 - 4th,Bomber,0.0,4.0,7000.0
543,2012-12-02,IGN ProLeague Season 5,1.0,Polt,4th,Bomber,0.0,2.0,7000.0
544,2012-11-04,2012 MLG Fall Championship,1.0,Leenock,3 - 4th,Bomber,0.0,4.0,7250.0
545,2012-05-27,Red Bull Battlegrounds: Austin,2.0,MC,2nd,Bomber,0.0,4.0,8000.0
546,2011-08-28,2011 MLG Pro Circuit Raleigh,4.0,CoCa,1st,Bomber,1.0,1.0,5000.0
547,2011-06-20,DreamHack SAPPHIRE AMD Championship,2.0,July,3rd,Bomber,1.0,0.0,3925.0
548,2011-05-06,2011 LG Cinema 3D Global StarCraft II League May: Code A,4.0,Mvp,1st,Bomber,1.0,2.0,1400.0
549,2016-08-14,2016 WCS Circuit: Summer Circuit Championship,1.0,TRUE,2nd,Polt,0.0,4.0,15000.0
550,2016-05-16,2016 WCS Circuit: Spring Circuit Championship,0.0,Nerchio,3 - 4th,Polt,0.0,3.0,10000.0
551,2016-03-05,2016 WCS Circuit: Winter Circuit Championship,4.0,Snute,1st,Polt,1.0,2.0,35000.0
552,2015-06-28,2015 WCS Season 2/Premier,0.0,Hydra,3 - 4th,Polt,0.0,3.0,10000.0
553,2015-04-05,2015 WCS Season 1/Premier,4.0,Hydra,1st,Polt,1.0,3.0,30000.0
554,2014-10-12,2014 WCS Season 3 America/Premier,2.0,Bomber,3 - 4th,Polt,0.0,3.0,7500.0
555,2014-09-21,Red Bull Battle Grounds: Washington,2.0,Trap,3rd,Polt,1.0,1.0,6000.0
556,2014-08-24,Red Bull Battle Grounds: Detroit,3.0,TaeJa,1st,Polt,1.0,0.0,8000.0
557,2014-07-13,Red Bull Battle Grounds: Atlanta,1.0,Bomber,2nd,Polt,0.0,3.0,4000.0
558,2014-06-22,2014 MLG Anaheim,0.0,Trap,2nd,Polt,0.0,2.0,9000.0
559,2014-03-15,IEM Season VIII - World Championship,2.0,herO,3 - 4th,Polt,0.0,3.0,0.0
560,2014-02-16,IEM Season VIII - Cologne,2.0,HerO,2nd,Polt,0.0,4.0,4000.0
561,2013-10-20,2013 WCS Season 3 America/Premier,4.0,ByuL,1st,Polt,1.0,1.0,20000.0
562,2013-08-11,2013 WCS Season 2 America/Premier,4.0,Jaedong,1st,Polt,1.0,0.0,20000.0
563,2013-06-30,2013 MLG Spring Championship,3.0,HyuN,1st,Polt,1.0,2.0,10000.0
564,2012-12-09,North American Star League Season 4,4.0,SortOf,3rd,Polt,1.0,0.0,10000.0
565,2012-12-02,IGN ProLeague Season 5,2.0,viOLet,3rd,Polt,0.0,3.0,11000.0
566,2012-04-22,2012 DreamHack EIZO Open: Stockholm,1.0,ThorZaIN,2nd,Polt,0.0,3.0,5978.0
567,2012-02-25,ASUS ROG Winter 2012,4.0,Stephano,1st,Polt,1.0,1.0,10000.0
568,2011-09-05,2011 Global StarCraft II League August: Code S,1.0,TOP,3 - 4th,Polt,0.0,3.0,4500.0
569,2011-06-18,LG Cinema 3D Super Tournament,4.0,MMA,1st,Polt,1.0,0.0,93000.0
570,2014-08-24,Red Bull Battle Grounds: Detroit,1.0,TaeJa,3 - 4th,StarDust,0.0,3.0,1700.0
571,2014-07-19,2014 DreamHack Open: Valencia,1.0,Sacsri,3 - 4th,StarDust,0.0,2.0,3000.0
572,2014-07-06,2014 WCS Season 2 Europe/Premier,4.0,San,1st,StarDust,1.0,0.0,25000.0
573,2014-02-01,ASUS ROG Winter 2014,0.0,San,3 - 4th,StarDust,0.0,3.0,3000.0
574,2013-07-20,DreamHack Open Valencia 2013,1.0,Jaedong,3 - 4th,StarDust,0.0,2.0,3060.0
575,2013-06-17,DreamHack Open Summer 2013,3.0,Jaedong,1st,StarDust,1.0,2.0,9284.0
576,2014-10-05,2014 WCS Season 3 Europe/Premier,1.0,MMA,3 - 4th,San,0.0,3.0,7500.0
577,2014-07-06,2014 WCS Season 2 Europe/Premier,0.0,StarDust,2nd,San,0.0,4.0,15000.0
578,2014-06-16,2014 DreamHack Open: Summer,1.0,HerO,3 - 4th,San,0.0,2.0,3000.0
579,2014-04-26,2014 GSL Global Championship,0.0,PartinG,3 - 4th,San,0.0,3.0,1850.0
580,2014-04-12,2014 WCS Season 1 Europe/Premier,2.0,MMA,3 - 4th,San,0.0,3.0,7500.0
581,2014-02-01,ASUS ROG Winter 2014,4.0,Dear,1st,San,1.0,0.0,10000.0
582,2013-12-01,IEM Season VIII - Singapore,2.0,herO,2nd,San,0.0,4.0,4000.0
583,2013-08-03,ASUS ROG Summer 2013,1.0,TaeJa,2nd,San,0.0,3.0,5000.0
584,2011-04-05,2011 LG Cinema 3D World Championship Seoul,1.0,Mvp,3 - 4th,San,0.0,3.0,8980.0
585,2011-03-12,2011 2nd Generation Intel® Core™ Global StarCraft II League March: Code S,1.0,MC,3 - 4th,San,0.0,3.0,4450.0
586,2014-08-09,Taiwan eSports League 2014 TWOP,4.0,HyuN,1st,Sen,1.0,3.0,10000.0
587,2012-11-18,2012 Battle.net World Championship,0.0,Rain,4th,Sen,0.0,3.0,8000.0
588,2011-12-04,North American Star League Season 2,4.0,ThorZaIN,3rd,Sen,1.0,2.0,12000.0
589,2011-10-22,BlizzCon 2011 StarCraft II Invitational,0.0,Mvp,3rd,Sen,0.0,2.0,10000.0
590,2011-07-10,North American Star League Season 1,3.0,July,3rd,Sen,1.0,1.0,10000.0
591,2017-04-09,2017 AfreecaTV GSL Super Tournament 1,2.0,herO,2nd,aLive,0.0,4.0,4490.0
592,2017-03-05,IEM Season XI - World Championship,2.0,TY,3 - 4th,aLive,0.0,3.0,18000.0
593,2013-06-02,2013 WCS Season 1 America/Premier,1.0,Revival,3 - 4th,aLive,0.0,3.0,7000.0
594,2012-05-05,Iron Squid – Chapter I,2.0,NesTea,4th,aLive,0.0,3.0,2500.0
595,2012-04-08,IGN ProLeague Season 4,5.0,Squirtle,1st,aLive,1.0,3.0,40000.0
596,2012-02-23,2012 Global StarCraft II League Season 1: Code S,0.0,Genius,3 - 4th,aLive,0.0,3.0,4483.0
597,2011-10-06,IGN ProLeague Season 3: Pool A,3.0,None,1st,aLive,1.0,0.0,1000.0
598,2014-07-20,IEM Season IX - Shenzhen,0.0,Solar,3 - 4th,Jim,0.0,3.0,2000.0
599,2013-12-01,World Cyber Games 2013,1.0,PartinG,4th,Jim,0.0,3.0,0.0
600,2012-12-02,World Cyber Games 2012,0.0,PartinG,2nd,Adelscott,0.0,2.0,10000.0
601,2011-02-12,Assembly Tournament: Steelseries Challenge,3.0,Socke,3rd,Adelscott,1.0,2.0,676.0
602,2018-09-09,2018 WCS Montreal,3.0,Serral,2nd,Reynor,0.0,4.0,10000.0
603,2018-07-14,2018 WCS Valencia,1.0,Serral,2nd,Has,0.0,4.0,10000.0
604,2014-08-09,Taiwan eSports League 2014 TWOP,3.0,Ian,3rd,Has,1.0,0.0,3300.0
605,2018-06-03,2018 WCS Austin,2.0,Serral,2nd,MaNa,0.0,4.0,10000.0
606,2015-09-13,2015 WCS Season 3/Premier,2.0,Lilbow,2nd,MaNa,0.0,4.0,15000.0
607,2012-11-03,Electronic Sports World Cup 2012,2.0,ForGG,1st,MaNa,1.0,0.0,20000.0
608,2012-10-21,DreamHack EIZO Open: Bucharest,1.0,Bly,3rd,MaNa,0.0,2.0,3040.0
609,2012-06-18,DreamHack EIZO Open: Summer,3.0,DIMAGA,1st,MaNa,1.0,1.0,14240.0
610,2011-10-23,Electronic Sports World Cup 2011,1.0,Stephano,2nd,MaNa,0.0,3.0,12000.0
611,2011-08-21,IEM Season VI - Global Challenge Cologne,3.0,Socke,3rd,MaNa,1.0,2.0,1750.0
612,2011-08-13,"IGN ProLeague Season 2 ""Across the Atlantic""",2.0,Nerchio,3rd,MaNa,0.0,3.0,6000.0
613,2011-08-05,ASUS ROG Summer 2011,2.0,DIMAGA,2nd,MaNa,0.0,3.0,5713.0
614,2010-11-27,DreamHack SteelSeries LAN,2.0,Naama,2nd,MaNa,0.0,3.0,4290.0
615,2018-07-14,2018 WCS Valencia,2.0,Has,3 - 4th,ShoWTimE,0.0,3.0,6500.0
616,2018-01-28,2018 WCS Leipzig,2.0,Serral,2nd,ShoWTimE,0.0,4.0,10000.0
617,2017-01-15,World Electronic Sports Games 2016,1.0,Neeb,4th,ShoWTimE,0.0,3.0,20000.0
618,2016-09-11,WCS Copa Intercontinental,2.0,Snute,2nd,ShoWTimE,0.0,4.0,10000.0
619,2016-07-30,IEM Season XI - Shanghai,0.0,Neeb,3 - 4th,ShoWTimE,0.0,3.0,5000.0
620,2016-05-16,2016 WCS Circuit: Spring Circuit Championship,4.0,Nerchio,1st,ShoWTimE,1.0,3.0,35000.0
621,2015-11-28,DreamHack ROCCAT LotV Championship,1.0,PartinG,4th,ShoWTimE,0.0,3.0,3000.0
622,2015-04-05,2015 WCS Season 1/Premier,0.0,Hydra,3 - 4th,ShoWTimE,0.0,3.0,10000.0
623,2012-07-27,2012 Global StarCraft II League Season 3: Code S,4.0,MC,1st,Seed,1.0,1.0,43928.0
624,2014-11-16,HomeStory Cup X,0.0,PartinG,3 - 4th,Losira,0.0,3.0,2500.0
625,2011-07-30,2011 Global StarCraft II League July: Code S,0.0,NesTea,2nd,Losira,0.0,4.0,18500.0
626,2011-06-05,2011 MLG Pro Circuit Columbus,1.0,MMA,2nd,Losira,0.0,4.0,3000.0
627,2011-03-11,2011 2nd Generation Intel® Core™ Global StarCraft II League March: Code A,4.0,SuperNova,1st,Losira,1.0,3.0,1330.0
628,2011-09-10,2011 Global StarCraft II League August: Code S,1.0,Mvp,2nd,TOP,0.0,4.0,18500.0
629,2011-06-13,LG Cinema 3D Super Tournament,2.0,Polt,3 - 4th,TOP,0.0,3.0,9300.0
630,2011-01-21,2011 Sony Ericsson Global StarCraft II League January: Code A,4.0,ByuN,1st,TOP,1.0,3.0,1345.0
631,2010-11-27,DreamHack SteelSeries LAN,1.0,Fenix,4th,TOP,0.0,3.0,0.0
632,2017-04-30,2017 WCS Austin,2.0,Neeb,2nd,Nerchio,0.0,4.0,10000.0
633,2016-07-16,2016 DreamHack Open: Valencia,4.0,MarineLorD,1st,Nerchio,1.0,0.0,16000.0
634,2016-06-26,HomeStory Cup XIII,2.0,Scarlett,3 - 4th,Nerchio,0.0,3.0,2000.0
635,2016-05-16,2016 WCS Circuit: Spring Circuit Championship,3.0,ShoWTimE,2nd,Nerchio,0.0,4.0,15000.0
636,2016-03-05,2016 WCS Circuit: Winter Circuit Championship,0.0,Polt,3 - 4th,Nerchio,0.0,3.0,10000.0
637,2012-11-24,DreamHack EIZO Open: Winter,0.0,TaeJa,3 - 4th,Nerchio,0.0,3.0,7545.0
638,2012-10-21,DreamHack EIZO Open: Bucharest,3.0,Bly,1st,Nerchio,1.0,0.0,10642.0
639,2012-08-19,IEM Season VII - Cologne,1.0,Mvp,2nd,Nerchio,0.0,3.0,3300.0
640,2012-07-08,HomeStory Cup V,4.0,YongHwa,1st,Nerchio,1.0,1.0,10000.0
641,2011-08-14,"IGN ProLeague Season 2 ""Across the Atlantic""",1.0,White-Ra,2nd,Nerchio,0.0,3.0,10000.0
642,2016-09-11,WCS Copa Intercontinental,0.0,Neeb,4th,uThermal,0.0,3.0,4000.0
643,2016-07-31,IEM Season XI - Shanghai,4.0,Neeb,1st,uThermal,1.0,2.0,16000.0
644,2016-01-23,2016 DreamHack Open: Leipzig,2.0,PtitDrogo,3 - 4th,uThermal,0.0,3.0,5000.0
645,2016-05-08,2016 DreamHack Open: Austin,4.0,Neeb,1st,Hydra,1.0,2.0,16000.0
646,2016-03-05,2016 WCS Circuit: Winter Circuit Championship,1.0,Snute,3 - 4th,Hydra,0.0,3.0,10000.0
647,2015-06-28,2015 WCS Season 2/Premier,4.0,Lilbow,1st,Hydra,1.0,2.0,30000.0
648,2015-04-05,2015 WCS Season 1/Premier,3.0,Polt,2nd,Hydra,0.0,4.0,15000.0
649,2013-12-01,IEM Season VIII - Singapore,0.0,San,3 - 4th,Hydra,0.0,3.0,2000.0
650,2013-01-26,Iron Squid – Chapter II,3.0,MarineKing,3rd,NesTea,1.0,0.0,3750.0
651,2012-05-05,Iron Squid – Chapter I,3.0,aLive,3rd,NesTea,1.0,2.0,3750.0
652,2012-04-08,IGN ProLeague Season 4,2.0,Squirtle,3rd,NesTea,0.0,3.0,7000.0
653,2011-10-22,BlizzCon 2011 StarCraft II Invitational,0.0,Mvp,2nd,NesTea,0.0,2.0,25000.0
654,2011-07-30,2011 Global StarCraft II League July: Code S,4.0,LosirA,1st,NesTea,1.0,0.0,46000.0
655,2011-05-14,2011 LG Cinema 3D Global StarCraft II League May: Code S,4.0,InCa,1st,NesTea,1.0,0.0,46000.0
656,2011-01-23,2011 Sony Ericsson Global StarCraft II League January: Code S,1.0,Mvp,3 - 4th,NesTea,0.0,3.0,4483.0
657,2010-11-13,2010 Sony Ericsson StarCraft II Open Season 2,4.0,MarineKing,1st,NesTea,1.0,3.0,89000.0
658,2014-04-12,2014 WCS Season 1 America/Premier,0.0,HyuN,3 - 4th,Alicia,0.0,3.0,7500.0
659,2013-08-03,ASUS ROG Summer 2013,2.0,TaeJa,3 - 4th,Alicia,0.0,3.0,3000.0
660,2012-07-22,2012 MLG Summer Arena,2.0,TaeJa,2nd,Alicia,0.0,4.0,6000.0
661,2012-07-15,North American Star League Season 3,0.0,Stephano,2nd,Alicia,0.0,4.0,15000.0
662,2012-06-10,2012 MLG Spring Championship,1.0,DongRaeGu,2nd,Alicia,0.0,3.0,15000.0
663,2011-03-09,2011 2nd Generation Intel® Core™ Global StarCraft II League March: Code A,0.0,SuperNova,3 - 4th,Alicia,0.0,2.0,710.0
664,2013-08-11,2013 WCS Season 2 Europe/Premier,2.0,duckdeok,3 - 4th,Grubby,0.0,3.0,7000.0
665,2012-11-25,IEM Season VII - Singapore,2.0,Sting,2nd,Grubby,0.0,3.0,3300.0
666,2011-10-23,Electronic Sports World Cup 2011,1.0,MarineKing,4th,Grubby,0.0,3.0,4000.0
667,2011-10-14,2011 Global StarCraft II League October: Code S,1.0,Mvp,3 - 4th,GanZi,0.0,3.0,4358.0
668,2011-08-29,2011 Global StarCraft II League August: Code A,4.0,MarineKing,1st,GanZi,1.0,3.0,1400.0
669,2011-07-31,2011 MLG Pro Circuit Anaheim,1.0,MMA,4th,GanZi,0.0,2.0,1400.0
670,2013-10-06,2013 WCS Season 3 Europe/Premier,0.0,MC,3 - 4th,Genius,0.0,3.0,7000.0
671,2012-03-03,2012 Global StarCraft II League Season 1: Code S,2.0,DongRaeGu,2nd,Genius,0.0,4.0,17934.0
672,2010-10-23,BlizzCon 2010 StarCraft II Invitational,4.0,Loner,1st,Genius,1.0,0.0,25000.0
673,2011-10-16,IEM Season VI - Global Challenge New York,2.0,DongRaeGu,2nd,FruitDealer,0.0,3.0,3300.0
674,2010-12-06,2010 Sony Ericsson StarCraft II Open Season 3,2.0,HongUn,5 - 8th,FruitDealer,0.0,3.0,3468.0
675,2010-10-02,2010 TG Sambo Intel StarCraft II Open Season 1,4.0,RainBOw,1st,FruitDealer,1.0,1.0,85700.0
676,2011-08-28,2011 MLG Pro Circuit Raleigh,1.0,Bomber,2nd,CoCa,0.0,4.0,3000.0
677,2017-09-10,2017 WCS Montreal,0.0,Neeb,3 - 4th,TRUE,0.0,3.0,6500.0
678,2017-07-15,2017 WCS Valencia,1.0,Elazer,3 - 4th,TRUE,0.0,3.0,6500.0
679,2017-04-30,2017 WCS Austin,1.0,Nerchio,3 - 4th,TRUE,0.0,3.0,6500.0
680,2016-08-14,2016 WCS Circuit: Summer Circuit Championship,4.0,Polt,1st,TRUE,1.0,1.0,35000.0
681,2015-07-17,2015 DreamHack Open: Valencia,0.0,Curious,2nd,TRUE,0.0,3.0,5000.0
682,2015-05-09,2015 DreamHack Open: Tours,0.0,GuMiho,3 - 4th,TRUE,0.0,3.0,3000.0
683,2014-09-14,2014 DreamHack Open: Moscow,0.0,jjakji,3 - 4th,TRUE,0.0,2.0,3000.0
684,2014-06-20,2014 Global StarCraft II League Season 2/Code S,1.0,soO,3 - 4th,TRUE,0.0,4.0,7890.0
685,2013-11-17,HomeStory Cup VIII,1.0,jjakji,4th,Symbol,0.0,3.0,2000.0
686,2013-05-21,2013 WCS Season 1 Korea GSL: Code S,3.0,Soulkey,3 - 4th,Symbol,0.0,4.0,7000.0
687,2013-03-09,2013 Global StarCraft II League Season 1: Code S,2.0,RorO,2nd,Symbol,0.0,4.0,18731.0
688,2012-12-22,HomeStory Cup VI,0.0,Snute,2nd,Symbol,0.0,4.0,6500.0
689,2012-05-20,2012 MLG Spring Arena 2,1.0,viOLet,2nd,Symbol,0.0,3.0,6000.0
690,2012-05-05,Iron Squid – Chapter I,2.0,MMA,2nd,Symbol,0.0,4.0,6250.0
691,2014-04-13,2014 WCS Season 1 America/Premier,2.0,HyuN,2nd,Oz,0.0,4.0,15000.0
692,2013-10-20,2013 WCS Season 3 America/Premier,2.0,Polt,3 - 4th,Oz,0.0,3.0,7000.0
693,2013-07-28,IEM Season VIII - Shanghai,0.0,Revival,2nd,Oz,0.0,4.0,4000.0
694,2012-07-22,2012 MLG Summer Arena,3.0,Alicia,3 - 4th,Oz,0.0,4.0,2900.0
695,2012-02-26,2012 MLG Winter Arena,1.0,DongRaeGu,4th,Oz,0.0,2.0,2200.0
696,2011-11-28,2011 Global StarCraft II League November: Code S,2.0,jjakji,3 - 4th,Oz,0.0,3.0,4455.0
697,2011-10-10,2011 Global StarCraft II League October: Code A,0.0,Curious,2nd,Oz,0.0,4.0,856.0
698,2013-06-08,2013 WCS Season 1,1.0,Soulkey,5 - 8th,RorO,0.0,3.0,7500.0
699,2013-03-09,2013 Global StarCraft II League Season 1: Code S,4.0,Symbol,1st,RorO,1.0,2.0,46827.0
700,2012-08-24,2012 StarCraft II WCS: South Korea Finals,1.0,Creator,4th,RorO,0.0,2.0,790.0
701,2013-08-11,2013 WCS Season 2 Europe/Premier,4.0,MC,1st,duckdeok,1.0,3.0,20000.0
702,2014-04-12,2014 WCS Season 1 America/Premier,2.0,Oz,3 - 4th,Revival,0.0,3.0,7500.0
703,2013-07-28,IEM Season VIII - Shanghai,4.0,Oz,1st,Revival,1.0,0.0,10000.0
704,2013-06-02,2013 WCS Season 1 America/Premier,2.0,HerO,2nd,Revival,0.0,4.0,12000.0
705,2013-04-23,2013 WCS Season 1 Korea GSL: Code S,0.0,Life,25 - 32nd,Last,0.0,2.0,1500.0
706,2013-03-17,2013 MLG Winter Championship,2.0,Life,5 - 8th,Last,0.0,3.0,3000.0
707,2012-10-20,2012 Auction All Kill OnGameNet Starleague,3.0,MC,4th,Last,0.0,4.0,5472.0
708,2012-07-15,North American Star League Season 3,0.0,MC,4th,Ret,0.0,4.0,5000.0
709,2012-04-22,2012 DreamHack EIZO Open: Stockholm,0.0,Polt,3rd,Ret,0.0,2.0,2989.0
710,2012-02-11,IEM Season VI - Global Challenge Sao Paulo,3.0,ReaL,3rd,Ret,1.0,0.0,1750.0
711,2011-11-26,DreamHack SAPPHIRE AMD Championship,1.0,HerO,3 - 4th,Ret,0.0,3.0,4988.0
712,2011-02-12,Assembly Tournament: Steelseries Challenge,3.0,MorroW,1st,Ret,1.0,1.0,4057.0
713,2014-10-05,2014 WCS Season 3 Europe/Premier,0.0,YoDa,3 - 4th,Golden,0.0,3.0,7500.0
714,2014-07-06,2014 WCS Season 2 Europe/Premier,2.0,San,3 - 4th,Golden,0.0,3.0,7500.0
715,2012-07-08,HomeStory Cup V,0.0,MC,4th,Golden,0.0,3.0,2000.0
716,2012-03-10,IEM Season VI - World Championship,2.0,MC,2nd,PuMa,0.0,3.0,15000.0
717,2012-02-25,ASUS ROG Winter 2012,3.0,Lucky,3rd,PuMa,1.0,0.0,3000.0
718,2011-12-04,North American Star League Season 2,4.0,HerO,1st,PuMa,1.0,2.0,40000.0
719,2011-11-26,DreamHack SAPPHIRE AMD Championship,3.0,HerO,2nd,PuMa,0.0,4.0,12827.0
720,2011-10-04,IEM Season VI - Global Challenge Guangzhou,3.0,HasuObs,3rd,PuMa,1.0,1.0,1750.0
721,2011-08-21,IEM Season VI - Global Challenge Cologne,3.0,MC,1st,PuMa,1.0,0.0,6500.0
722,2011-07-10,North American Star League Season 1,4.0,MC,1st,PuMa,1.0,3.0,50000.0
723,2013-06-30,2013 MLG Spring Championship,0.0,HerO,5 - 6th,Sound,0.0,2.0,1000.0
724,2012-01-08,HomeStory Cup IV,0.0,MC,2nd,Sound,0.0,4.0,3500.0
725,2014-07-13,Red Bull Battle Grounds: Atlanta,0.0,Polt,3 - 4th,HuK,0.0,3.0,1700.0
726,2012-03-25,2012 MLG Winter Championship,2.0,Heart,4th,HuK,0.0,4.0,5500.0
727,2012-02-26,2012 MLG Winter Arena,0.0,DongRaeGu,3rd,HuK,0.0,2.0,3600.0
728,2011-10-16,2011 MLG Pro Circuit Orlando,4.0,MC,1st,HuK,1.0,1.0,5000.0
729,2011-06-20,DreamHack SAPPHIRE AMD Championship,3.0,Moon,1st,HuK,1.0,2.0,15702.0
730,2010-10-16,2010 MLG Pro Circuit Washington D.C.,0.0,SeleCT,3rd,HuK,0.0,2.0,1000.0
731,2010-10-10,IEM Season V - American Championships,3.0,Drewbie,3rd,HuK,1.0,2.0,1200.0
732,2010-08-28,2010 MLG Pro Circuit Raleigh,4.0,KiWiKaKi,1st,HuK,1.0,2.0,2500.0
733,2011-09-05,2011 Global StarCraft II League August: Code S,1.0,Mvp,3 - 4th,July,0.0,3.0,4500.0
734,2011-07-10,North American Star League Season 1,1.0,Sen,4th,July,0.0,3.0,5000.0
735,2011-06-20,DreamHack SAPPHIRE AMD Championship,0.0,Bomber,4th,July,0.0,2.0,2041.0
736,2011-03-19,2011 2nd Generation Intel® Core™ Global StarCraft II League March: Code S,1.0,MC,2nd,July,0.0,4.0,17790.0
737,2010-12-18,2010 Sony Ericsson StarCraft II Open Season 3,1.0,MC,2nd,Rain,0.0,4.0,26010.0
738,2014-10-12,2014 WCS Season 3 America/Premier,2.0,Bomber,2nd,Heart,0.0,4.0,15000.0
739,2014-07-06,2014 WCS Season 2 America/Premier,1.0,Bomber,3 - 4th,Heart,0.0,3.0,7500.0
740,2012-03-25,2012 MLG Winter Championship,1.0,DongRaeGu,3rd,Heart,0.0,4.0,9000.0
741,2014-10-11,2014 WCS Season 3 America/Premier,1.0,Bomber,5 - 8th,Pigbaby,0.0,3.0,5000.0
742,2014-09-11,2014 KeSPA Cup,0.0,Zest,9 - 16th,Pigbaby,0.0,3.0,1958.0
743,2014-07-06,2014 WCS Season 2 America/Premier,4.0,Bomber,1st,Pigbaby,1.0,3.0,25000.0
744,2014-02-01,IEM Season VIII - Sao Paulo,0.0,herO,3 - 4th,TLO,0.0,3.0,2000.0
745,2013-06-23,HomeStory Cup VII,3.0,HyuN,3rd,TLO,1.0,2.0,3000.0
746,2012-12-20,2012 GSL Blizzard Cup,0.0,PartinG,3 - 4th,Sniper,0.0,3.0,4653.0
747,2012-12-02,2012 Global StarCraft II League Season 5: Code S,4.0,HyuN,1st,Sniper,1.0,3.0,46506.0
748,2012-10-18,2012 Global StarCraft II League Season 4: Code A,2.0,Sirius,1 - 12th,Sniper,1.0,0.0,905.0
749,2013-05-26,2013 WCS Season 1 Europe/Premier,1.0,Mvp,2nd,Stephano,0.0,4.0,12000.0
750,2012-12-22,HomeStory Cup VI,2.0,XlorD,4th,Stephano,0.0,3.0,2000.0
751,2012-11-03,Electronic Sports World Cup 2012,2.0,NeOAnGeL,3rd,Stephano,1.0,1.0,8000.0
752,2012-09-16,2012 StarCraft II WCS: Europe Finals,3.0,VortiX,1st,Stephano,1.0,2.0,24000.0
753,2012-07-15,North American Star League Season 3,4.0,Alicia,1st,Stephano,1.0,0.0,30000.0
754,2012-06-18,DreamHack EIZO Open: Summer,0.0,MaNa,3rd,Stephano,0.0,2.0,3560.0
755,2012-05-27,Red Bull Battlegrounds: Austin,3.0,Squirtle,3rd,Stephano,1.0,1.0,5500.0
756,2012-05-20,2012 MLG Spring Arena 2,0.0,Symbol,3rd,Stephano,0.0,2.0,3600.0
757,2012-02-25,ASUS ROG Winter 2012,1.0,Polt,2nd,Stephano,0.0,4.0,6000.0
758,2011-10-23,Electronic Sports World Cup 2011,3.0,MaNa,1st,Stephano,1.0,1.0,26000.0
759,2011-10-09,IGN ProLeague Season 3,4.0,Lucky,1st,Stephano,1.0,0.0,30000.0
760,2011-10-06,IGN ProLeague Season 3: Pool A,2.0,None,2nd,Stephano,1.0,1.0,500.0
761,2011-08-05,ASUS ROG Summer 2011,3.0,Brat_OK,3rd,Stephano,1.0,0.0,2856.0
762,2012-08-04,ASUS ROG Summer 2012,0.0,ForGG,4th,Moon,0.0,3.0,2500.0
763,2011-06-20,DreamHack SAPPHIRE AMD Championship,2.0,HuK,2nd,Moon,0.0,3.0,7851.0
764,2011-03-05,IEM Season V - World Championship,2.0,AcE,2nd,Moon,0.0,3.0,6500.0
765,2015-12-20,HomeStory Cup XII,1.0,MMA,2nd,FireCake,0.0,4.0,6500.0
766,2015-11-28,DreamHack ROCCAT LotV Championship,0.0,PartinG,3rd,FireCake,0.0,3.0,5000.0
767,2014-11-29,2014 DreamHack Open: Winter,0.0,TaeJa,4th,jjakji,0.0,3.0,6000.0
768,2014-09-14,2014 DreamHack Open: Moscow,1.0,MMA,2nd,jjakji,0.0,3.0,5000.0
769,2014-04-12,2014 WCS Season 1 Europe/Premier,1.0,MC,3 - 4th,jjakji,0.0,3.0,7500.0
770,2014-02-01,IEM Season VIII - Sao Paulo,1.0,MC,3 - 4th,jjakji,0.0,3.0,2000.0
771,2013-11-17,HomeStory Cup VIII,3.0,Symbol,3rd,jjakji,1.0,1.0,3000.0
772,2011-12-07,2011 Global StarCraft II League November: Code S,4.0,Leenock,1st,jjakji,1.0,2.0,44550.0
773,2012-08-25,2012 StarCraft II WCS: South Korea Finals,1.0,Creator,2nd,Squirtle,0.0,4.0,3960.0
774,2012-05-27,Red Bull Battlegrounds: Austin,1.0,Stephano,4th,Squirtle,0.0,3.0,2500.0
775,2012-05-19,2012 Global StarCraft II League Season 2: Code S,3.0,Mvp,2nd,Squirtle,0.0,4.0,17111.0
776,2012-04-08,IGN ProLeague Season 4,3.0,aLive,2nd,Squirtle,0.0,5.0,16000.0
777,2011-03-05,IEM Season V - World Championship,3.0,mOOnGLaDe,3rd,Squirtle,1.0,2.0,4000.0
778,2012-03-10,IEM Season VI - World Championship,0.0,MMA,4th,Feast,0.0,3.0,4200.0
779,2013-05-26,2013 WCS Season 1 Europe/Premier,0.0,Mvp,3 - 4th,DIMAGA,0.0,3.0,7000.0
780,2012-06-18,DreamHack EIZO Open: Summer,1.0,MaNa,2nd,DIMAGA,0.0,3.0,7120.0
781,2012-01-22,IEM Season VI - Global Challenge Kiev,1.0,MMA,2nd,DIMAGA,0.0,3.0,3300.0
782,2011-08-05,ASUS ROG Summer 2011,3.0,MaNa,1st,DIMAGA,1.0,2.0,11426.0
783,2010-10-23,BlizzCon 2010 StarCraft II Invitational,1.0,White-Ra,4th,DIMAGA,0.0,2.0,3000.0
784,2010-08-22,IEM Season V - Global Challenge Cologne,3.0,Tarson,3rd,DIMAGA,1.0,1.0,1400.0
785,2012-02-25,ASUS ROG Winter 2012,0.0,PuMa,4th,Lucky,0.0,3.0,1000.0
786,2011-10-09,IGN ProLeague Season 3,0.0,Stephano,2nd,Lucky,0.0,4.0,12000.0
787,2016-06-26,HomeStory Cup XIII,4.0,Scarlett,1st,Harstem,1.0,2.0,10000.0
788,2016-03-26,Gold Series International 2016,4.0,Snute,1st,Harstem,1.0,1.0,16000.0
789,2012-04-22,2012 DreamHack EIZO Open: Stockholm,3.0,Polt,1st,ThorZaIN,1.0,1.0,10463.0
790,2011-12-04,North American Star League Season 2,2.0,Sen,4th,ThorZaIN,0.0,4.0,8000.0
791,2011-11-28,IGN ProLeague Season 3: Pool C (rematch),1.0,None,2nd,ThorZaIN,0.0,1.0,500.0
792,2011-08-12,"IGN ProLeague Season 2 ""Across the Atlantic""",1.0,Nerchio,4th,ThorZaIN,0.0,3.0,4000.0
793,2011-05-15,PokerStrategy.com TSL3,4.0,NaNiwa,1st,ThorZaIN,1.0,3.0,15000.0
794,2011-04-03,2011 MLG Pro Circuit Dallas,2.0,NaNiwa,2nd,KiWiKaKi,0.0,4.0,3000.0
795,2010-10-16,2010 MLG Pro Circuit Washington D.C.,1.0,SeleCT,4th,KiWiKaKi,0.0,2.0,700.0
796,2010-08-28,2010 MLG Pro Circuit Raleigh,2.0,HuK,2nd,KiWiKaKi,0.0,4.0,1500.0
797,2016-07-30,IEM Season XI - Shanghai,2.0,uThermal,3 - 4th,viOLet,0.0,3.0,5000.0
798,2016-01-23,2016 DreamHack Open: Leipzig,0.0,Bly,3 - 4th,viOLet,0.0,3.0,5000.0
799,2014-08-24,Red Bull Battle Grounds: Detroit,1.0,Polt,3 - 4th,viOLet,0.0,3.0,1700.0
800,2014-07-13,Red Bull Battle Grounds: Atlanta,2.0,Bomber,3 - 4th,viOLet,0.0,3.0,1700.0
801,2014-06-22,2014 MLG Anaheim,1.0,Trap,3rd,viOLet,0.0,2.0,5500.0
802,2012-12-09,North American Star League Season 4,2.0,HerO,2nd,viOLet,0.0,4.0,15000.0
803,2012-12-02,IGN ProLeague Season 5,4.0,Leenock,2nd,viOLet,0.0,4.0,20000.0
804,2012-08-19,IEM Season VII - Cologne,2.0,Nerchio,3 - 4th,viOLet,0.0,3.0,1700.0
805,2012-05-20,2012 MLG Spring Arena 2,3.0,Symbol,1st,viOLet,1.0,1.0,10000.0
806,2012-02-11,IEM Season VI - Global Challenge Sao Paulo,3.0,SuperNova,1st,viOLet,1.0,1.0,6500.0
807,2012-01-08,HomeStory Cup IV,1.0,JYP,4th,viOLet,0.0,3.0,1000.0
808,2011-07-18,2011 Global StarCraft II League July: Code A,2.0,Puzzle,2nd,Tassadar,0.0,4.0,930.0
809,2011-12-11,WCG 2011,0.0,Mvp,2nd,XiGua,0.0,2.0,5000.0
810,2018-02-07,IEM Season XII - PyeongChang,1.0,Scarlett,3 - 4th,Elazer,0.0,3.0,12500.0
811,2017-09-10,2017 WCS Montreal,2.0,Snute,3 - 4th,Elazer,0.0,3.0,6500.0
812,2017-07-15,2017 WCS Valencia,4.0,Snute,1st,Elazer,1.0,3.0,25000.0
813,2017-06-19,2017 WCS Jönköping,0.0,Serral,3 - 4th,Elazer,0.0,3.0,6500.0
814,2016-11-05,2016 WCS Global Playoffs and Finals,0.0,Dark,3 - 4th,Elazer,0.0,3.0,30000.0
815,2015-12-20,HomeStory Cup XII,0.0,MMA,3 - 4th,Elazer,0.0,3.0,2500.0
816,2016-07-16,2016 DreamHack Open: Valencia,0.0,Nerchio,2nd,MarineLorD,0.0,4.0,8000.0
817,2016-04-20,2016 Global StarCraft II League Season 1/Code S,0.0,TY,3 - 4th,Cure,0.0,4.0,7614.0
818,2014-09-26,2014 Global StarCraft II League Season 3: Code S,3.0,INnoVation,3 - 4th,Cure,0.0,4.0,7612.0
819,2014-09-21,Red Bull Battle Grounds: Washington,0.0,Bomber,2nd,Cure,0.0,4.0,10000.0
820,2016-07-16,2016 DreamHack Open: Valencia,1.0,Nerchio,3 - 4th,SortOf,0.0,3.0,5000.0
821,2012-12-09,North American Star League Season 4,0.0,Polt,4th,SortOf,0.0,4.0,5000.0
822,2013-01-20,IEM Season VII - Katowice,0.0,First,3 - 4th,Socke,0.0,3.0,1700.0
823,2011-08-21,IEM Season VI - Global Challenge Cologne,2.0,MaNa,4th,Socke,0.0,3.0,1250.0
824,2011-02-12,Assembly Tournament: Steelseries Challenge,2.0,Adelscott,4th,Socke,0.0,3.0,270.0
825,2010-08-28,2010 MLG Pro Circuit Raleigh,0.0,KiWiKaKi,3rd,Socke,0.0,2.0,1000.0
826,2014-08-09,Taiwan eSports League 2014 TWOP,0.0,Has,4th,Ian,0.0,3.0,2700.0
827,2015-09-13,2015 WCS Season 3/Premier,4.0,MaNa,1st,Lilbow,1.0,2.0,30000.0
828,2015-06-28,2015 WCS Season 2/Premier,2.0,Hydra,2nd,Lilbow,0.0,4.0,15000.0
829,2016-01-24,2016 DreamHack Open: Leipzig,1.0,PtitDrogo,2nd,Bly,0.0,4.0,8000.0
830,2012-10-21,DreamHack EIZO Open: Bucharest,0.0,Nerchio,2nd,Bly,0.0,3.0,6081.0
831,2010-11-27,DreamHack SteelSeries LAN,3.0,MaNa,1st,Naama,1.0,2.0,14301.0
832,2012-02-11,IEM Season VI - Global Challenge Sao Paulo,1.0,viOLet,2nd,SuperNova,0.0,3.0,3300.0
833,2011-03-11,2011 2nd Generation Intel® Core™ Global StarCraft II League March: Code A,3.0,LosirA,2nd,SuperNova,0.0,4.0,890.0
834,2010-11-27,DreamHack SteelSeries LAN,3.0,TOP,3rd,Fenix,1.0,1.0,2860.0
835,2010-10-10,IEM Season V - American Championships,3.0,qxc,1st,Fenix,1.0,1.0,4000.0
836,2013-03-09,IEM Season VII - World Championship,0.0,First,3 - 4th,YongHwa,0.0,3.0,7500.0
837,2012-07-08,HomeStory Cup V,1.0,Nerchio,2nd,YongHwa,0.0,4.0,6500.0
838,2011-10-07,IGN ProLeague Season 3: Pool D,2.0,None,2nd,White-Ra,1.0,1.0,500.0
839,2011-08-14,"IGN ProLeague Season 2 ""Across the Atlantic""",3.0,Nerchio,1st,White-Ra,1.0,1.0,15000.0
840,2011-01-23,IEM Season V - European Championships Finals,1.0,SjoW,2nd,White-Ra,0.0,3.0,3500.0
841,2010-10-23,BlizzCon 2010 StarCraft II Invitational,0.0,Genius,3rd,White-Ra,0.0,2.0,5000.0
842,2016-03-26,Gold Series International 2016,1.0,Snute,3 - 4th,PtitDrogo,0.0,3.0,5000.0
843,2016-01-24,2016 DreamHack Open: Leipzig,4.0,Bly,1st,PtitDrogo,1.0,1.0,16000.0
844,2011-05-14,2011 LG Cinema 3D Global StarCraft II League May: Code S,0.0,NesTea,2nd,InCa,0.0,4.0,18000.0
845,2010-10-29,2010 Sony Ericsson StarCraft II Open Season 2,1.0,Genius,9 - 16th,InCa,0.0,2.0,1780.0
846,2010-09-24,2010 TG Sambo Intel StarCraft II Open Season 1,0.0,FruitDealer,5 - 8th,InCa,0.0,2.0,3400.0
847,2012-11-25,IEM Season VII - Singapore,3.0,Grubby,1st,Sting,1.0,2.0,6500.0
848,2012-09-08,TeamLiquid StarLeague 4,0.0,KeeN,4th,Sting,0.0,4.0,1500.0
849,2010-10-23,BlizzCon 2010 StarCraft II Invitational,0.0,Genius,2nd,Loner,0.0,4.0,10000.0
850,2011-07-25,2011 Global StarCraft II League July: Code S,0.0,NesTea,3 - 4th,HongUn,0.0,3.0,4500.0
851,2010-12-09,2010 Sony Ericsson StarCraft II Open Season 3,2.0,Rain,3 - 4th,HongUn,0.0,4.0,8670.0
852,2010-09-28,2010 TG Sambo Intel StarCraft II Open Season 1,0.0,Ensnare,5 - 8th,HongUn,0.0,2.0,3400.0
853,2010-11-04,2010 Sony Ericsson StarCraft II Open Season 2,1.0,MarineKing,3 - 4th,RainBOw,0.0,4.0,8900.0
854,2010-10-02,2010 TG Sambo Intel StarCraft II Open Season 1,1.0,FruitDealer,2nd,RainBOw,0.0,4.0,25700.0
855,2012-02-11,IEM Season VI - Global Challenge Sao Paulo,0.0,Ret,4th,ReaL,0.0,3.0,1250.0
856,2012-01-08,HomeStory Cup IV,2.0,Sound,5 - 6th,ReaL,0.0,3.0,300.0
857,2011-02-12,Assembly Tournament: Steelseries Challenge,1.0,Ret,2nd,MorroW,0.0,3.0,1825.0
858,2010-08-22,IEM Season V - Global Challenge Cologne,3.0,IdrA,1st,MorroW,1.0,1.0,5000.0
859,2011-10-04,IEM Season VI - Global Challenge Guangzhou,1.0,PuMa,4th,HasuObs,0.0,3.0,1250.0
860,2011-05-14,PokerStrategy.com TSL3,2.0,Kas,4th,HasuObs,0.0,4.0,1500.0
861,2011-04-03,2011 MLG Pro Circuit Dallas,0.0,KiWiKaKi,3rd,SeleCT,0.0,2.0,2000.0
862,2010-10-16,2010 MLG Pro Circuit Washington D.C.,0.0,IdrA,2nd,SeleCT,0.0,2.0,1500.0
863,2010-10-10,IEM Season V - American Championships,2.0,HuK,4th,Drewbie,0.0,3.0,800.0
864,2012-11-16,2012 Global StarCraft II League Season 5: Code A,1.0,Jaedong,41 - 64th,Sirius,0.0,2.0,372.0
865,2012-10-18,2012 Global StarCraft II League Season 4: Code A,0.0,Sniper,13 - 24th,Sirius,0.0,2.0,724.0
866,2010-10-18,2010 Sony Ericsson StarCraft II Open Season 2,0.0,Genius,33 - 64th,Sirius,0.0,2.0,267.0
867,2012-12-22,HomeStory Cup VI,3.0,Stephano,3rd,XlorD,1.0,2.0,3000.0
868,2012-11-03,Electronic Sports World Cup 2012,1.0,Stephano,4th,NeOAnGeL,0.0,2.0,0.0
869,2013-10-06,2013 WCS Season 3 Europe/Premier,0.0,MMA,3 - 4th,VortiX,0.0,3.0,7000.0
870,2012-11-25,IEM Season VII - Singapore,2.0,Sting,3 - 4th,VortiX,0.0,3.0,1700.0
871,2012-09-16,2012 StarCraft II WCS: Europe Finals,2.0,Stephano,2nd,VortiX,0.0,3.0,9000.0
872,2012-08-19,IEM Season VII - Cologne,1.0,Mvp,3 - 4th,VortiX,0.0,3.0,1700.0
873,2011-08-05,ASUS ROG Summer 2011,0.0,Stephano,4th,Brat_OK,0.0,3.0,1428.0
874,2011-03-05,IEM Season V - World Championship,3.0,Moon,1st,AcE,1.0,2.0,13000.0
875,2011-03-05,IEM Season V - World Championship,2.0,Squirtle,4th,mOOnGLaDe,0.0,3.0,2500.0
876,2011-01-23,IEM Season V - European Championships Finals,1.0,DeMusliM,4th,Tarson,0.0,3.0,1200.0
877,2010-08-22,IEM Season V - Global Challenge Cologne,1.0,DIMAGA,4th,Tarson,0.0,3.0,900.0
878,2012-01-08,HomeStory Cup IV,3.0,viOLet,3rd,JYP,1.0,1.0,2000.0
879,2011-07-18,2011 Global StarCraft II League July: Code A,4.0,Tassadar,1st,Puzzle,1.0,2.0,1400.0
880,2010-10-10,IEM Season V - American Championships,1.0,Fenix,2nd,qxc,0.0,3.0,2000.0
881,2013-06-17,DreamHack Open Summer 2013,0.0,StarDust,3 - 4th,SjoW,0.0,2.0,3094.0
882,2011-01-23,IEM Season V - European Championships Finals,3.0,White-Ra,1st,SjoW,1.0,1.0,7500.0
883,2012-09-08,TeamLiquid StarLeague 4,4.0,Sting,3rd,KeeN,1.0,0.0,3000.0
884,2011-05-04,2011 LG Cinema 3D Global StarCraft II League May: Code A,1.0,Mvp,3 - 4th,KeeN,0.0,3.0,740.0
885,2011-07-12,2011 Global StarCraft II League July: Code S,0.0,NesTea,9 - 16th,Ensnare,0.0,2.0,1850.0
886,2010-10-28,2010 Sony Ericsson StarCraft II Open Season 2,1.0,Kyrix,9 - 16th,Ensnare,0.0,2.0,1780.0
887,2010-09-30,2010 TG Sambo Intel StarCraft II Open Season 1,1.0,RainBOw,3 - 4th,Ensnare,0.0,3.0,8600.0
888,2011-10-16,2011 MLG Pro Circuit Orlando,1.0,MC,4th,IdrA,0.0,2.0,1400.0
889,2011-10-04,IEM Season VI - Global Challenge Guangzhou,3.0,elfi,1st,IdrA,1.0,1.0,6500.0
890,2011-06-05,2011 MLG Pro Circuit Columbus,2.0,MC,4th,IdrA,0.0,4.0,1400.0
891,2010-10-16,2010 MLG Pro Circuit Washington D.C.,2.0,SeleCT,1st,IdrA,1.0,0.0,2500.0
892,2010-08-22,IEM Season V - Global Challenge Cologne,1.0,MorroW,2nd,IdrA,0.0,3.0,2500.0
893,2012-01-22,IEM Season VI - Global Challenge Kiev,3.0,Zenio,3rd,Kas,1.0,2.0,1750.0
894,2011-12-11,WCG 2011,2.0,TitaN,3rd,Kas,1.0,0.0,2000.0
895,2011-05-14,PokerStrategy.com TSL3,4.0,HasuObs,3rd,Kas,1.0,2.0,3000.0
896,2011-01-23,IEM Season V - European Championships Finals,3.0,Tarson,3rd,DeMusliM,1.0,1.0,1800.0
897,2011-03-05,2011 2nd Generation Intel® Core™ Global StarCraft II League March: Code S,0.0,anypro,9 - 16th,Kyrix,0.0,2.0,1780.0
898,2010-11-01,2010 Sony Ericsson StarCraft II Open Season 2,2.0,MarineKing,5 - 8th,Kyrix,0.0,3.0,3560.0
899,2011-10-04,IEM Season VI - Global Challenge Guangzhou,1.0,IdrA,2nd,elfi,0.0,3.0,3300.0
900,2012-03-01,2012 Global StarCraft II League Season 1: Code A,2.0,sC,1 - 12th,Zenio,1.0,0.0,895.0
901,2012-01-22,IEM Season VI - Global Challenge Kiev,2.0,Kas,4th,Zenio,0.0,3.0,1250.0
902,2011-12-11,WCG 2011,0.0,Kas,4th,TitaN,0.0,2.0,0.0
903,2011-04-02,2011 LG Cinema 3D World Championship Seoul,0.0,MC,5 - 8th,anypro,0.0,3.0,4490.0
904,2011-03-12,2011 2nd Generation Intel® Core™ Global StarCraft II League March: Code S,1.0,July,3 - 4th,anypro,0.0,3.0,4450.0
905,2011-05-07,2011 LG Cinema 3D Global StarCraft II League May: Code S,2.0,NesTea,3 - 4th,sC,0.0,3.0,4600.0
906,2011-01-20,2011 Sony Ericsson Global StarCraft II League January: Code A,1.0,TOP,3 - 4th,sC,0.0,2.0,717.0
