,alternate_ids,birth,country,imageURL,name,nicknames,pageURL,player,race,romanized_name,team,total_earnings,wcs_korea_points,wcs_korea_rank,retired,sponsor,wcs_circuit_points,wcs_circuit_rank,clan
0,MaruPrime,1997-07-28,South Korea,https://liquipedia.net/commons/images/4/43/Maru2018.png,조성주,"['MarinePrince', 'EXIDTerran', 'HamsterTerran', 'Maruder', 'GreenTerran', 'The4thRace']",https://liquipedia.net/starcraft2/Maru,Maru,Terran,Cho Seong-ju,Jin Air Green Wings,692700.0,0.0,,,,,,
1,"['By.Baby', 'Siz)Sun', 'BaBy', 'TYTY']",1994-09-18,South Korea,https://liquipedia.net/commons/images/thumb/8/80/TY_IEM_Shenzhen_2015.jpg/600px-TY_IEM_Shenzhen_2015.jpg,전태양,,https://liquipedia.net/starcraft2/TY,TY,Terran,Jun Tae-yang,Splyce,543280.0,0.0,,,,,,
2,"['Bbp3[nsp]', 'NsP_PrOtoss', 'Carno']",1992-05-15,South Korea,https://liquipedia.net/commons/images/thumb/f/f2/Stats_2017GSLS1CodeS.jpg/600px-Stats_2017GSLS1CodeS.jpg,김대엽,"['TheShieldofAiur', 'ElCapitan', 'AegisofKorea']",https://liquipedia.net/starcraft2/Stats,Stats,Protoss,Kim Dae-yeob,Splyce,437546.0,0.0,,,,,,
3,"['Wooki', 'Sea.Wuk', 'P7GAB[KaL]', 'P7GAB', 'Zest']",1992-07-11,South Korea,https://liquipedia.net/commons/images/thumb/4/48/Zest_iem_toronto14.jpg/600px-Zest_iem_toronto14.jpg,주성욱,The Kingslayer,https://liquipedia.net/starcraft2/Zest,Zest,Protoss,Joo Sung-wook,,418510.0,0.0,,,,,,
4,qkrfddn,1995-10-06,South Korea,https://liquipedia.net/commons/images/thumb/0/06/Dark_IEM_WC_2015.jpg/600px-Dark_IEM_WC_2015.jpg,박령우,"['TheLastSonofBoxer', 'TheFinalBoss']",https://liquipedia.net/starcraft2/Dark,Dark,Zerg,Park Ryung-woo,The Gosu Crew,455443.0,0.0,,,,,,
5,"['Ryul2', 'Ryul2[KaL]', '1z2z3z[KaL]', 'NsP_Saber', 'Saber[ArnC]', 'Savage', 'CliMax']",1994-01-13,South Korea,https://liquipedia.net/commons/images/thumb/a/a3/Rogue1.jpg/600px-Rogue1.jpg,이병렬,"['SexyBoy', 'LateGameMonster']",https://liquipedia.net/starcraft2/Rogue,Rogue,Zerg,Lee Byung-ryul,Jin Air Green Wings,623797.0,0.0,,,,,,
6,"['GuMihofOu', 'JiNi[Shield]', 'Ragnarok']",1992-08-04,South Korea,https://liquipedia.net/commons/images/e/e5/Gumiho_IEM_katowice2017.png,고병재,Towel Terran,https://liquipedia.net/starcraft2/GuMiho,GuMiho,Terran,Koh Byung-jae,PSISTORM Gaming,196551.0,0.0,,,,,,
7,"['Bogus', 'SaSin)KaL', 'SinHyung', 'zOazOa', 'LEESINHYUNG']",1993-07-25,South Korea,https://liquipedia.net/commons/images/f/f9/OG_INno.png,이신형,"['TheMachine', 'RoBogus']",https://liquipedia.net/starcraft2/INnoVation,INnoVation,Terran,Lee Shin-hyung,Team Reciprocity,514148.0,0.0,,,,,,
8,DreamMvP,1996-10-27,South Korea,https://liquipedia.net/commons/images/thumb/1/14/Dream_2016VSLTeamLeague.jpg/600px-Dream_2016VSLTeamLeague.jpg,조중혁,,https://liquipedia.net/starcraft2/Dream,Dream,Terran,Cho Joong-hyuk,,66597.0,,,,,,,
9,"['NEXLife', 'ZeNEXLife']",1997-01-11,South Korea,https://liquipedia.net/commons/images/thumb/2/27/Life_Champion_BlizzCon_2014.jpg/600px-Life_Champion_BlizzCon_2014.jpg,이승현,"['TheLingKing', 'KingofZerglings', ""L'EnfantTerrible"", 'KamiZerg']",https://liquipedia.net/starcraft2/Life,Life,Zerg,Lee Seung-hyun,,475744.0,,,,,,,
10,,1991-11-27,South Korea,https://liquipedia.net/commons/images/thumb/1/17/Classic_IEM_Shenzhen_2015.jpg/600px-Classic_IEM_Shenzhen_2015.jpg,김도우,"['ChinToss', 'Tassadou']",https://liquipedia.net/starcraft2/Classic,Classic,Protoss,Kim Doh-woo,The Gosu Crew,382541.0,0.0,,,,,,
11,Greygasm,1991-12-10,South Korea,https://liquipedia.net/commons/images/thumb/f/fb/Soulkey_IEM_Taipei_2015.jpg/600px-Soulkey_IEM_Taipei_2015.jpg,김민철,,https://liquipedia.net/starcraft2/Soulkey,Soulkey,Zerg,Kim Min-chul,,154691.0,,,,,,,
12,"['EGJDRC', 'n.Die_Jaedong', 'n.Die_yOngKIN', 'EGJD']",1990-01-09,South Korea,https://liquipedia.net/commons/images/1/19/Jaedong_BlizzCon_2014.jpg,이제동,"['TheTyrant', 'LegendKiller', 'TheDong[1]']",https://liquipedia.net/starcraft2/Jaedong,Jaedong,Zerg,Lee Jae-dong,,224593.0,,,2016-11-01,,,,
13,Dear[ScM],1994-05-25,South Korea,https://liquipedia.net/commons/images/thumb/9/9e/Dear_GSL_2016-03-11.jpg/600px-Dear_GSL_2016-03-11.jpg,백동준,Warrior,https://liquipedia.net/starcraft2/Dear,Dear,Protoss,Baek Dong-jun,,178625.0,0.0,,,,,,
14,"['By.Sun', 'By.Rain']",1992-08-14,South Korea,https://liquipedia.net/commons/images/0/04/MYinsanity_Rain_IEM_SanJose.jpg,정윤종,The Assassin,https://liquipedia.net/starcraft2/Rain,Rain,Protoss,Jung Yoon-jong,,241605.0,,,2015-12-21,,,,
15,"['her000', 'rlawnsgh', 'Invisible', 'bumblebee']",1992-08-18,South Korea,https://liquipedia.net/commons/images/thumb/b/ba/HerO_IEM_Shanghai_2017.jpg/600px-HerO_IEM_Shanghai_2017.jpg,김준호,The Smiling Assassin,https://liquipedia.net/starcraft2/herO,herO,Protoss,Kim Joon-ho,,281328.0,0.0,,,,,,
16,"['By.Trap', 'IMTrap', 'theCuteVillain']",1994-03-24,South Korea,https://liquipedia.net/commons/images/thumb/b/b9/Trap_IEM_WC_2015.jpg/600px-Trap_IEM_WC_2015.jpg,조성호,,https://liquipedia.net/starcraft2/Trap,Trap,Protoss,Cho Sung-ho,Jin Air Green Wings,143798.0,0.0,,,,,,
17,FnaticRC.ByuL,1992-08-07,South Korea,https://liquipedia.net/commons/images/thumb/7/78/Byul_wcs13_s3.jpg/600px-Byul_wcs13_s3.jpg,한지원,,https://liquipedia.net/starcraft2/ByuL,ByuL,Zerg,Han Ji-won,,114583.0,0.0,,2018-06-21,BaseTradeTV[1],,,
18,,1994-08-24,South Korea,https://liquipedia.net/commons/images/thumb/2/2b/Parting-SF20130315.jpg/600px-Parting-SF20130315.jpg,원이삭,"['Rascaltoss', 'BigBoy']",https://liquipedia.net/starcraft2/PartinG,PartinG,Protoss,Won Lee-sak,PSISTORM Gaming,360914.0,,,,,,,
19,eXelonSerral,1998-03-22,Finland,https://liquipedia.net/commons/images/thumb/3/3d/Serral_wins_blizzcon_2.jpg/600px-Serral_wins_blizzcon_2.jpg,Joona Sotala,"['TheFinnisher', 'FinnishPhenom', 'TheNightKing']",https://liquipedia.net/starcraft2/Serral,Serral,Zerg,,Ence eSports,590785.0,,,,,14090.0,1.0,
20,sHy,1993-10-16,South Korea,https://liquipedia.net/commons/images/thumb/4/46/Sos_iem_toronto14.jpg/600px-Sos_iem_toronto14.jpg,김유진,"['Trickster', 'TricksterToss', '$O$', 'HeartbreakProtoss', 'MillionDollarMan', 'LaCucaracha']",https://liquipedia.net/starcraft2/sOs,sOs,Protoss,Kim Yoo-jin,Jin Air Green Wings,598373.0,0.0,,,,,,
21,"['BBatta', 'BBatta_Lt', 'Sola', 'annmma']",1996-05-09,South Korea,https://liquipedia.net/commons/images/thumb/6/6e/Solar_2016StarLeagueS2.jpg/600px-Solar_2016StarLeagueS2.jpg,강민수,,https://liquipedia.net/starcraft2/Solar,Solar,Zerg,Kang Min-soo,,279232.0,0.0,,,,,,
22,djdbstn,1992-09-24,South Korea,https://liquipedia.net/commons/images/thumb/7/7d/SoO_2016VSLTeamLeague.jpg/600px-SoO_2016VSLTeamLeague.jpg,어윤수,The Angry Zerg,https://liquipedia.net/starcraft2/soO,soO,Zerg,Eo Yoon-soo,Chivo SC,382305.0,0.0,,,,,,
23,LucyPrime,1996-02-23,South Korea,https://liquipedia.net/commons/images/5/5d/Patience_deadpixels.jpg,조지현,,https://liquipedia.net/starcraft2/Patience,Patience,Protoss,Jo Ji-hyun,,128937.0,0.0,,,,,,
24,"['ZeNEX', 'NEXExcrement', 'Bleach', 'n.Die_DDONG', 'GhostKingPrime', 'Campanella', 'PuppyKing', 'speaknow']",1993-05-08,South Korea,https://liquipedia.net/commons/images/thumb/5/55/ByuN_2016GSLS2.jpg/600px-ByuN_2016GSLS2.jpg,변현우,The One Man Army,https://liquipedia.net/starcraft2/ByuN,ByuN,Terran,Byun Hyun-woo,,403469.0,0.0,,,,,,
25,Neeblet,1998-02-17,USA,https://liquipedia.net/commons/images/thumb/8/8a/Neeb_2016DreamHackTours.jpg/600px-Neeb_2016DreamHackTours.jpg,Alex Sunderhaft,,https://liquipedia.net/starcraft2/Neeb,Neeb,Protoss,,,405853.0,0.0,,,Ting,2910.0,4.0,
26,"['MarineKingPrime', 'BoxerRPrime', 'BoxeR', 'EllenPage', 'Clare[Shield]', 'Rex.IU', 'ZephyrPrime', '보라(Bora)', 'Ailee', '혜리(Hyeri)']",1993-07-11,South Korea,https://liquipedia.net/commons/images/thumb/8/83/MarineKing_DH_Tours_2015.jpg/600px-MarineKing_DH_Tours_2015.jpg,이정훈,"['MarineKongPrime', 'FoxeR']",https://liquipedia.net/starcraft2/MarineKing,MarineKing,Terran,Lee Jung-hoon,,212426.0,,,,,,,
27,"['By.Flash', 'FlaSh']",1992-07-05,South Korea,https://liquipedia.net/commons/images/c/cd/Flash-LP-MLG20120610-015754.jpg,이영호,"['UltimateWeapon', 'God']",https://liquipedia.net/starcraft2/Flash,Flash,Terran,Lee Young-ho,,91339.0,,,2015-12-01,,,,
28,"['IMYoDa', 'Crush[Name]']",1992-12-24,South Korea,https://liquipedia.net/commons/images/thumb/9/95/Yoda_iem_toronto14.jpg/600px-Yoda_iem_toronto14.jpg,최병현,,https://liquipedia.net/starcraft2/YoDa,YoDa,Terran,Choi Byung-hyun,,85196.0,,,,,,,
29,"['MVPDongRaeGu', 'MVPDRG', 'MYMMVPDRG', 'coLMVPDRG', 'DongRaeGuProS']",1991-06-03,South Korea,https://liquipedia.net/commons/images/d/d9/DRG_MLGAnaheimtrophy1.jpg,박수호,Final Boss,https://liquipedia.net/starcraft2/DongRaeGu,DongRaeGu,Zerg,Park Soo-ho,,260073.0,,,,,,,
30,"['ST.Curious', 'Creep[S.G]', 'Oversky[GsP]']",1990-03-28,South Korea,https://liquipedia.net/commons/images/thumb/b/b0/Curious_DH_Valencia_2015.jpg/600px-Curious_DH_Valencia_2015.jpg,이원표,,https://liquipedia.net/starcraft2/Curious,Curious,Zerg,Lee Won-pyo,,80601.0,0.0,,,,,,
31,"['Liquid`TaeJa', 'SlayerS_TaeJa', 'CrownPrince', 'NEXtaeJa']",1995-01-01,South Korea,https://liquipedia.net/commons/images/a/a3/TaeJa_BlizzCon_2014.jpg,윤영서,,https://liquipedia.net/starcraft2/TaeJa,TaeJa,Terran,Yun Young-seo,Team Liquid,291935.0,,,,,,,
32,"['SK.MC', 'oGsMC', 'oGsSK.MC', 'La[ScM]', 'La[gm]', 'IrOn[KaL]', 'AAHero_gm', 'Flounder', 'JangMinChul', 'MinChul']",1991-06-17,South Korea,https://liquipedia.net/commons/images/thumb/d/d8/Mc-SF20121103-164736.jpg/600px-Mc-SF20121103-164736.jpg,장민철,Boss Toss,https://liquipedia.net/starcraft2/MC,MC,Protoss,Jang Min-chul,,508202.0,,,,,,,
33,"['MyWay', 'TSLHyuN', 'QuanticHyuN']",1988-01-15,South Korea,https://liquipedia.net/commons/images/e/ee/ROCCAT_HyuN_WCS_2014.jpg,고석현,"['Goberman', 'RoachKing', 'Spider-HyuN', 'Hyunstoppable', 'Hyunbelievable']",https://liquipedia.net/starcraft2/HyuN,HyuN,Zerg,Ko Seok-hyun,,249874.0,,,,,,,
34,"['Anyppi', 'Ever)P(Anyppi']",1992-06-11,South Korea,https://liquipedia.net/commons/images/thumb/b/b3/First_iem_toronto14.jpg/600px-First_iem_toronto14.jpg,강현우,,https://liquipedia.net/starcraft2/First,First,Protoss,Kang Hyun-woo,,91724.0,,,,,,,
35,"['MǂForGG', 'oGsFin', 'Fin', 'oGsForGG', 'Raptor', 'Apex', 'ChooseGoose', 'Freakhill']",1990-02-13,South Korea,https://liquipedia.net/commons/images/thumb/a/ae/ForGG_DreamhackWinter2014.jpg/600px-ForGG_DreamhackWinter2014.jpg,박지수,,https://liquipedia.net/starcraft2/ForGG,ForGG,Terran,Park Ji-soo,,146773.0,,,,,,,
36,"['SlayerSCchapSeungEu', 'Jjob', 'M', 'Dream.t)1988', 'Na[Shield]', 'Always']",1988-10-29,South Korea,https://liquipedia.net/commons/images/thumb/4/45/MMA_DH_Bucharest_2013.jpg/600px-MMA_DH_Bucharest_2013.jpg,문성원,"['SonofBoxer', 'MilitaryTerran']",https://liquipedia.net/starcraft2/MMA,MMA,Terran,Mun Seong-won,,406444.0,,,2018-11-02,,,,
37,"['fOKINS', 'Nock', 'Mekia']",1995-09-07,South Korea,https://liquipedia.net/commons/images/3/33/Impact-20140116.jpg,김준혁,,https://liquipedia.net/starcraft2/Impact,Impact,Zerg,Kim Joon-hyuk,,77512.0,0.0,,,,,,
38,"['ECScarlett', 'Kat', 'AcerScarlett', 'TossImba', 'Aikaterina', 'AvrilLavigne', 'Shura', 'bigpowerzerg']",1993-12-14,Canada,https://liquipedia.net/commons/images/thumb/4/43/Scarlett_Archon_Toronto.jpg/600px-Scarlett_Archon_Toronto.jpg,Sasha Hostyn,"['TheQueenofBlades', 'SwarmZerg', 'TheQueenofPsiBlades']",https://liquipedia.net/starcraft2/Scarlett,Scarlett,Zerg,,Newbee,299981.0,0.0,,,,1835.0,12.0,
39,"['nAni', 'NaNi', 'MeatyOwlLegs', 'Sonnenkind', 'Kuoro', 'Skoth', '김택용', '제디마인드트릭']",1990-03-14,Sweden,https://liquipedia.net/commons/images/thumb/1/12/Naniwa-MLG20121102-034324.jpg/600px-Naniwa-MLG20121102-034324.jpg,Johan Lucchesi,The Dragonslayer The King in the North The Kingslayer  The Godslayer,https://liquipedia.net/starcraft2/NaNiwa,NaNiwa,Protoss,,,177412.0,,,,,,,
40,"['LeenockfOu', 'yoeFWLeenock']",1995-04-01,South Korea,https://liquipedia.net/commons/images/thumb/b/b2/Leenock-SF20120826-201549.jpg/600px-Leenock-SF20120826-201549.jpg,이동녕,Leenoctopus,https://liquipedia.net/starcraft2/Leenock,Leenock,Zerg,Lee Dong-nyoung,,279866.0,0.0,,,,,,
41,"['IM.Mvp', 'anonymous']",1991-02-12,South Korea,https://liquipedia.net/commons/images/thumb/0/0f/Mvp-SFMLG20130316-204436.jpg/600px-Mvp-SFMLG20130316-204436.jpg,정종현,"['TheKing', 'KingofWings', 'Jürgen']",https://liquipedia.net/starcraft2/Mvp,Mvp,Terran,Jung Jong-hyun,,402867.0,,,,,,,
42,"['CreatorPrime', '에이핑크(APink)']",1997-02-23,South Korea,https://liquipedia.net/commons/images/thumb/1/12/Creator_1.jpg/600px-Creator_1.jpg,장현우,,https://liquipedia.net/starcraft2/Creator,Creator,Protoss,Jang Hyun-woo,Jin Air Green Wings,128198.0,0.0,,,,,,
43,,1994-02-14,South Korea,https://liquipedia.net/commons/images/c/c0/Cj_sora_300.jpg,김정훈,,https://liquipedia.net/starcraft2/Sora,Sora,Protoss,Kim Jung-hoon,,21793.0,,,,,,,
44,"['Sea.Sacsri', 'YeHoon']",1992-02-18,South Korea,https://liquipedia.net/commons/images/thumb/8/88/Sacsri_dh_valencia.jpg/600px-Sacsri_dh_valencia.jpg,이예훈,,https://liquipedia.net/starcraft2/Sacsri,Sacsri,Zerg,Lee Yeh-hoon,mYinsanity,32157.0,,,2016-04-14,,,,
45,GLSnute,1990-07-28,Norway,https://liquipedia.net/commons/images/thumb/9/95/Snute_20160316_yong_woo_kim_kenzi.jpg/600px-Snute_20160316_yong_woo_kim_kenzi.jpg,Jens Aasgaard,,https://liquipedia.net/starcraft2/Snute,Snute,Zerg,,Team Liquid,376720.0,,,,,1755.0,14.0,
46,"['Liquid`HerO', 'TLAF-Liquid`HerO', 'oGsHerO', 'mangoo']",1990-06-06,South Korea,https://liquipedia.net/commons/images/f/fe/Liquidhero.jpg,송현덕,,https://liquipedia.net/starcraft2/HerO,HerO,Protoss,Song Hyeon Deok,,265498.0,,,2018-03-27,,,,
47,"['폭격기', '스타테일폭격기', 'ST_Bomber', 'NsP_Fancy', 'Ares']",1988-01-16,South Korea,https://liquipedia.net/commons/images/thumb/f/f5/Bomber_2013WCSGlobalFinals.jpg/600px-Bomber_2013WCSGlobalFinals.jpg,최지성,,https://liquipedia.net/starcraft2/Bomber,Bomber,Terran,Choi Ji-sung,,256207.0,,,,,,,
48,"['TSLPolt', 'Polt.Prime.WE', 'OptimusPrime', 'ProdiGY', 'csh4922']",1988-07-02,South Korea,https://liquipedia.net/commons/images/c/c1/CM_Storm_Polt_WCS_2014.jpg,최성훈,"['CaptainAmerica', 'SirPoltofTerran', 'TheNexusSniper']",https://liquipedia.net/starcraft2/Polt,Polt,Terran,Choi Seong-hun,Team EnVyUs,455455.0,,,,CM Storm  iBUYPOWER,,,
49,Sson,1990-05-27,South Korea,https://liquipedia.net/commons/images/thumb/a/a9/StarDust_DHS13.jpg/600px-StarDust_DHS13.jpg,손석희,"['TheAnarchist', 'CheeseDust']",https://liquipedia.net/starcraft2/StarDust,StarDust,Protoss,Son Seok-hee,,112293.0,,,2017-01-03,,,,
50,"['San', 'SanZenith', 'NSHoSeo.San', 'kiddin', 'yoeFWSan']",1990-05-14,South Korea,https://liquipedia.net/commons/images/thumb/9/93/San_IEM_Singapore_2013.jpg/600px-San_IEM_Singapore_2013.jpg,강초원,,https://liquipedia.net/starcraft2/San,San,Protoss,"['Kang', 'Cho-Won']",,111745.0,,,,,,,
51,"['ThinSen', 'ZergKing', 'GamaniaSen', 'DuskBin.Sen', 'DB.Sen', 'ToT)Sen(', 'RRB[Rush]', 'YioSen[Rush]', 'Sen']",1987-01-15,Taiwan,https://liquipedia.net/commons/images/thumb/0/07/Sen_TeSL_2014-07-06.jpg/600px-Sen_TeSL_2014-07-06.jpg,楊家正,,https://liquipedia.net/starcraft2/Sen,Sen,Zerg,Yang Chia Cheng,,158561.0,,,2016-05-09,,0.0,,
52,"['TSL.aLive', 'aLivefOu', 'STXfOu', 'stylelish']",1992-11-16,South Korea,https://liquipedia.net/commons/images/thumb/6/65/ALive_2016GSLS2CodeA.jpg/600px-ALive_2016GSLS2CodeA.jpg,한이석,,https://liquipedia.net/starcraft2/aLive,aLive,Terran,Han Lee-seok,,197168.0,0.0,,,,,,
53,"['shket', 'zhitongbao']",1995-10-10,China,https://liquipedia.net/commons/images/thumb/6/60/Jim2_IEM_Shenzhen_2015.jpg/600px-Jim2_IEM_Shenzhen_2015.jpg,曹晋珲,"['呵呵大神', '积木大婶']",https://liquipedia.net/starcraft2/Jim,Jim,Protoss,Cao Jinhui,Invictus Gaming,131647.0,,,,,60.0,95,
54,"['MǂAdel', 'MAdel', 'Adel.Scott', 'UNTOUCHABLE']",1985-09-23,France,https://liquipedia.net/commons/images/1/1b/Adelscott_wcs.jpg,Benoît Strypsteen,,https://liquipedia.net/starcraft2/Adelscott,Adelscott,Protoss,,,27354.0,,,,,,,
55,"['Reynor', 'iLPuPo', 'SamgyuReynor', 'Baby']",2002-07-01,Italy,https://liquipedia.net/commons/images/thumb/d/d6/Reynor_Exeed_Esports.jpg/600px-Reynor_Exeed_Esports.jpg,Riccardo Romiti,,https://liquipedia.net/starcraft2/Reynor,Reynor,Zerg,,,42590.0,0.0,,,,2030.0,10,
56,"['HasStorM', 'yoeIMHas', 'yoeFWHas', '愛蜜莉雅', 'ReZerO']",1997-06-03,Taiwan,https://liquipedia.net/commons/images/thumb/2/2c/Has_2016DreamHackTours.jpg/600px-Has_2016DreamHackTours.jpg,柯昱夆,,https://liquipedia.net/starcraft2/Has,Has,Protoss,Ke Yu Feng,J Team,121429.0,,,,,2490.0,6,BearMe
57,"['mouzCC.MaNa', 'mouz.MaNa', 'ManaZZZor', 'mouzTosh', 'mouzCC.Tosh']",1993-12-14,Poland,https://liquipedia.net/commons/images/thumb/d/df/MaNa_HSC11.jpg/600px-MaNa_HSC11.jpg,Grzegorz Komincz,,https://liquipedia.net/starcraft2/MaNa,MaNa,Protoss,,Team Liquid,192905.0,,,,,1780.0,13,
58,ESC.ShoWTimE,1994-02-23,Germany,https://liquipedia.net/commons/images/thumb/0/0d/ShoWTimE_WCS_S1_2015.jpg/600px-ShoWTimE_WCS_S1_2015.jpg,Tobias Sieber,Die Mauer,https://liquipedia.net/starcraft2/ShoWTimE,ShoWTimE,Protoss,,,224528.0,,,,,3270.0,2,
59,"['IM.Seed', 'SeedSG', 'LG-IM.Seed', 'FXOSeed', 'Vengeance', 'Frost']",1991-01-13,South Korea,https://liquipedia.net/commons/images/thumb/d/d7/Seed_HSC7.jpg/600px-Seed_HSC7.jpg,안상원,,https://liquipedia.net/starcraft2/Seed,Seed,Protoss,Ahn Sang-won,,80941.0,,,,,,,
60,"['tHuNdEr[fOu]', 'Start', 'tHuNdeR', 'IMLosirA', 'IM.LosirA', 'Emblem', 'LosirA', 'KangHo']",1992-04-11,South Korea,https://liquipedia.net/commons/images/c/c6/Losira_2016GSLS1.jpg,황강호,,https://liquipedia.net/starcraft2/Losira,Losira,Zerg,Hwang Kang-ho,,113163.0,0.0,,,,,,
61,"['oGsTOP', 'kiwian', 'chopa']",1990-11-26,South Korea,https://liquipedia.net/commons/images/7/7b/TOP.jpg,김정훈,,https://liquipedia.net/starcraft2/TOP,TOP,Terran,Kim Jung Hoon,,43933.0,,,,,,,
62,"['AcerNerchio', 'aAaNerchio', 'Empire.Nerchio', 'Desanir']",1992-08-09,Poland,https://liquipedia.net/commons/images/thumb/8/86/Nerchio.jpg/600px-Nerchio.jpg,Artur Bloch,"['Pancake', 'Nerdchio', 'Godchio', 'KingArthur']",https://liquipedia.net/starcraft2/Nerchio,Nerchio,Zerg,,Iron Chain,368349.0,,,,Red Bull,2320.0,7,
63,"['Curse', 'Traditional', 'MaruThermal', 'uthermy', 'Terminal', 'liquidthermy']",1995-11-10,Netherlands,https://liquipedia.net/commons/images/thumb/a/af/UThermal_IEM_Shenzhen_2015.jpg/600px-UThermal_IEM_Shenzhen_2015.jpg,Marc Schlappi (Dutch: mɑʁk 'ʃlɑpi),,https://liquipedia.net/starcraft2/uThermal,uThermal,Terran,,Team Liquid,119362.0,,,,,2130.0,9,
64,By.Hydra,1991-09-04,South Korea,https://liquipedia.net/commons/images/thumb/f/fb/Hydra_WCS_S2_2015.jpg/600px-Hydra_WCS_S2_2015.jpg,신동원,,https://liquipedia.net/starcraft2/Hydra,Hydra,Zerg,Shin Dong-won,ROOT Gaming,146568.0,,,,,,,
65,"['IM.NesTea', '하안사거리', 'LG-IM.NesTea']",1982-12-12,South Korea,https://liquipedia.net/commons/images/thumb/a/af/NesTeaIPL4.jpg/600px-NesTeaIPL4.jpg,임재덕,,https://liquipedia.net/starcraft2/NesTea,NesTea,Zerg,Lim Jae-duk,,285672.0,,,,,,,
66,"['SlayerS`Alicia', 'Alisia']",1987-08-01,South Korea,https://liquipedia.net/commons/images/6/6b/Alicia_20140116.jpg,양준식,,https://liquipedia.net/starcraft2/Alicia,Alicia,Protoss,Yang Joon-sik,,94026.0,,,,,,,
67,,1986-05-11,Netherlands,https://liquipedia.net/commons/images/thumb/1/1f/GrubbyMLG.jpg/600px-GrubbyMLG.jpg,Manuel Schenkhuizen,King of Orcs,https://liquipedia.net/starcraft2/Grubby,Grubby,Protoss,,,60248.0,,,,TwitchTVBenQTradimo,,,
68,"['IM.GanZi', 'SlayerS.GanZi', 'coL.GanZi']",1987-12-30,South Korea,https://liquipedia.net/commons/images/thumb/4/4a/Ganzi-20120824.JPG/600px-Ganzi-20120824.JPG,김동주,,https://liquipedia.net/starcraft2/GanZi,GanZi,Terran,Kim Dong-ju,,34943.0,,,,,,,
69,"['MYMMVPGenius', 'NsPGenius', 'Ever)T(EunByuL', 'NsP_Pokju', 'MVP_Genius']",1991-08-01,South Korea,https://liquipedia.net/commons/images/5/5d/GeniusGOMTV.jpg,정민수,,https://liquipedia.net/starcraft2/Genius,Genius,Protoss,Jeong Min-soo,,94975.0,,,,,,,
70,"['과일장수', 'Cool[fOu]', 'FruitDealer']",1985-07-27,South Korea,https://liquipedia.net/commons/images/3/3c/FruitDealer.jpg,김원기,,https://liquipedia.net/starcraft2/FruitDealer,FruitDealer,Zerg,Kim Won-gi,,100005.0,,,,,,,
71,"['NEXCoCa', 'NEXDeer']",1994-04-14,South Korea,https://liquipedia.net/commons/images/a/a3/CocaGOMTV.jpg,최종환,,https://liquipedia.net/starcraft2/CoCa,CoCa,Zerg,Choi Jong-hwan,,22908.0,,,,,,,
72,"['Alone', 'FeelsBadMan']",1992-04-15,South Korea,https://liquipedia.net/commons/images/thumb/f/f9/TRUE_2016-05-27_GSL_Code_A_winner_interview.jpg/600px-TRUE_2016-05-27_GSL_Code_A_winner_interview.jpg,방태수,"['SnackZerg', 'TRUEBang(뜨루방)']",https://liquipedia.net/starcraft2/TRUE,TRUE,Zerg,Bang Tae-soo,PSISTORM Gaming,178248.0,,,,,1630.0,15,
73,"['NeeL', 'KDH', 'TSL.Symbol']",1992-01-02,South Korea,https://liquipedia.net/commons/images/thumb/1/16/Symbol_2016VSLTeamLeague.jpg/600px-Symbol_2016VSLTeamLeague.jpg,강동현,,https://liquipedia.net/starcraft2/Symbol,Symbol,Zerg,Kang Dong-hyun,,98537.0,,,,,,,
74,"['PkDOz', 'OzOz', 'Twilight', 'SeCret', 'HakSoo.FXOz', 'Endless', 'Drug', 'Reborn[1]']",1989-04-23,South Korea,https://liquipedia.net/commons/images/thumb/1/13/Oz_2014_WCS_America_Season_1.jpg/600px-Oz_2014_WCS_America_Season_1.jpg,김학수,,https://liquipedia.net/starcraft2/Oz,Oz,Protoss,Kim Hak-soo,,72428.0,,,,,,,
75,"['RorO', 'rOrO', 'NsP_RorO']",1991-01-19,South Korea,https://liquipedia.net/commons/images/3/39/RorOGOMTV.jpg,신노열,,https://liquipedia.net/starcraft2/RorO,RorO,Zerg,Shin No-yeol,,76610.0,,,,,,,
76,"['LoveRip', 'finale']",1995-01-27,South Korea,https://liquipedia.net/commons/images/thumb/b/b5/Duckdeok_wcs13_s2.jpg/600px-Duckdeok_wcs13_s2.jpg,김경덕,,https://liquipedia.net/starcraft2/duckdeok,duckdeok,Protoss,Kim Kyeong-deok,,59192.0,,,,,,,
77,"['TSL.Posh', 'RevivaL[ScM]', 'TSL_Pretty', 'Posh', 'TSLRevival', 'ExcuseMe']",1992-01-31,South Korea,https://liquipedia.net/commons/images/thumb/5/51/CMStorm_Revival_IEM_SanJose.jpg/600px-CMStorm_Revival_IEM_SanJose.jpg,김동현,,https://liquipedia.net/starcraft2/Revival,Revival,Zerg,Kim Dong-hyun,,64895.0,,,,,,,
78,,1992-12-25,South Korea,https://liquipedia.net/commons/images/thumb/4/41/Last-SFMLG20130316-225222.jpg/600px-Last-SFMLG20130316-225222.jpg,김성현,,https://liquipedia.net/starcraft2/Last,Last,Terran,Kim Sung-hyun,,17319.0,,,,,,,
79,"['ret', 'LiquidRet', 'RetJah']",1985-11-03,Netherlands,https://liquipedia.net/commons/images/thumb/7/77/Ret-SFMLG20130315-203338.jpg/600px-Ret-SFMLG20130315-203338.jpg,Joseph de Kroon,,https://liquipedia.net/starcraft2/Ret,Ret,Zerg,,Team QLASH,75333.0,,,,,,,
80,"['GoldenLighT', 'SlayerSGolden', 'GoldenfOu', 'flutter']",1994-07-19,South Korea,https://liquipedia.net/commons/images/a/a9/Golden2.jpg,조명환,,https://liquipedia.net/starcraft2/Golden,Golden,Zerg,Jo Myeong-hwan,Team RevolutioN,39993.0,,,,ZOTAC,,,
81,"['EGPuMa', 'by.funny', 'By.PuMa', 'Gentleman']",1991-07-23,South Korea,https://liquipedia.net/commons/images/thumb/0/03/Puma-20120824.JPG/600px-Puma-20120824.JPG,이호준,,https://liquipedia.net/starcraft2/PuMa,PuMa,Terran,Lee Ho-joon,,143886.0,,,,,,,
82,"['ProS.Sound', 'SoundWeRRa']",1993-12-24,South Korea,https://liquipedia.net/commons/images/9/98/SoundTIG.jpg,배상환,,https://liquipedia.net/starcraft2/Sound,Sound,Terran,Bae Sang-hwan,,11768.0,,,,,,,
83,"['GosuHuk', 'Liquid`HuK', 'EG.HuK', 'Sad', 'Depression', 'Aiur', 'ScareCrow']",1989-05-10,Canada United States,https://liquipedia.net/commons/images/thumb/5/5c/HuK-SF20120825-210332.jpg/600px-HuK-SF20120825-210332.jpg,Chris Loranger,,https://liquipedia.net/starcraft2/HuK,HuK,Protoss,,,150475.0,,,,,,,
84,"['July', 'JulyZerg', 'July[z-zone]', 'Fanta', 'VealSteak', 'ST_July', 'PizzaZerg']",1986-12-18,South Korea,https://liquipedia.net/commons/images/thumb/c/c3/July_IPL4.jpg/600px-July_IPL4.jpg,박성준,,https://liquipedia.net/starcraft2/July,July,Zerg,Park Sung-joon,,49672.0,,,,,,,
86,"['KT.MGW_Strict', 'Link[3.33]', 'Link', 'Maynard']",1990-11-16,South Korea,https://liquipedia.net/commons/images/thumb/c/c3/HeartAxiomPress.jpg/600px-HeartAxiomPress.jpg,김민혁,,https://liquipedia.net/starcraft2/Heart,Heart,Terran,Kim Min-hyuk,,66808.0,,,,,,,
87,"['Neo.G_Haruhi', 'HS', 'Neo.G_Pigbaby']",1992-12-14,South Korea,https://liquipedia.net/commons/images/0/03/Pigbaby_2014_WCS_AM_S2.jpg,양희수,,https://liquipedia.net/starcraft2/Pigbaby,Pigbaby,Protoss,Yang Hee-soo,,42687.0,,,,,,,
88,"['TheLittleOne', 'Liquid`TLO', 'GameOfDrones', 'DoctorDario']",1990-07-13,Germany,https://liquipedia.net/commons/images/thumb/2/27/TLO_WCS_2015_Season1.jpg/600px-TLO_WCS_2015_Season1.jpg,Dario Wünsch,,https://liquipedia.net/starcraft2/TLO,TLO,Zerg,,Team Liquid,100471.0,,,,,400.0,42,
89,Killer.MvP,1995-01-22,South Korea,https://liquipedia.net/commons/images/thumb/d/d1/2012_IPL5_Sniper.jpg/600px-2012_IPL5_Sniper.jpg,권태훈,Lady killer,https://liquipedia.net/starcraft2/Sniper,Sniper,Zerg,Kwon Tae-hoon,,69335.0,,,2014-10-19,,,,
90,"['MǂStephano', 'MillStephano', 'DreAm', 'Sat', 'Nhy']",1993-03-12,France Tunisia,https://liquipedia.net/commons/images/c/cb/Stephano_WCS_S1_2015.jpg,Ilyes Satouri,,https://liquipedia.net/starcraft2/Stephano,Stephano,Zerg,,GamersOrigin,293263.0,,,,,680.0,26,
91,"['FnaticRC_Moon', 'FOXMoon', 'Liberty', 'Moon', 'mouz.Moon', 'MYM.Moon', 'Spirit.Moon']",1986-12-14,South Korea,https://liquipedia.net/commons/images/f/fa/MoonGOMTV.jpg,장재호,,https://liquipedia.net/starcraft2/Moon,Moon,Zerg,Jang Jae-ho,,28023.0,,,,,,,
92,,1990-04-27,France,https://liquipedia.net/commons/images/thumb/6/65/FireCake_WCS_S1_2015.jpg/600px-FireCake_WCS_S1_2015.jpg,Sébastien Lebbe,,https://liquipedia.net/starcraft2/FireCake,FireCake,Zerg,,Team RevolutioN,52896.0,,,,,,,
93,"['NsPjjakji', 'Paired', 'JJAKJI']",1994-02-16,South Korea,https://liquipedia.net/commons/images/8/8d/Jjakji_dh_bucharest_14.jpg,정지훈,,https://liquipedia.net/starcraft2/jjakji,jjakji,Terran,Jung Ji-hoon,,135177.0,0.0,,2018-06-02,,,,
94,"['ST_Squirtle', 'ST_BoogieBoy']",1992-07-06,South Korea,https://liquipedia.net/commons/images/thumb/9/96/Squirtle_IPL4.jpg/600px-Squirtle_IPL4.jpg,박현우,,https://liquipedia.net/starcraft2/Squirtle,Squirtle,Protoss,Park Hyun-woo,,92726.0,,,2014-12-01,,,,
95,"['MǂFeast', 'aAaFeast', 'SypherFeast', 'OogieBoogie']",1993-06-14,Belgium,https://liquipedia.net/commons/images/thumb/f/f3/Feast_hsc6.jpg/600px-Feast_hsc6.jpg,Jérémy Vansnick,,https://liquipedia.net/starcraft2/Feast,Feast,Protoss,,,13366.0,,,,,,,
96,"['mTw.DIMAGA', 'RoX.KIS.DIMAGA', 'St)DIMAGA', 'aFz.DIMAGA', 'NgS.DIMAGA']",1986-06-03,Ukraine,https://liquipedia.net/commons/images/9/96/Dimaga-HSC4.jpg,Dmytro Filipchuk,,https://liquipedia.net/starcraft2/DIMAGA,DIMAGA,Zerg,,Team Blacer,72021.0,,,,,,,
97,"['LuckyfOu', 'KT.MGW)Lucky', 'NsP_Lucky']",1991-12-02,South Korea,https://liquipedia.net/commons/images/e/e4/LuckyGOMTV.jpg,이인수,,https://liquipedia.net/starcraft2/Lucky,Lucky,Zerg,Lee In-soo,,26189.0,,,true,,,,
98,,1994-07-28,Netherlands,https://liquipedia.net/commons/images/d/da/Harstem_DH_Tours_2015.jpg,Kevin de Koning,"['LipToss', 'FlamingLips']",https://liquipedia.net/starcraft2/Harstem,Harstem,Protoss,,Asterion,93375.0,,,,,795.0,23,
99,"['EG.ThorZaIN', 'mouz.ThorZaIN', 'Prae.ThorZaIN', 'Yakero', 'TFunk']",1991-02-09,Sweden,https://liquipedia.net/commons/images/thumb/d/da/ThorZaIN-SFMLG20130316-162121.jpg/600px-ThorZaIN-SFMLG20130316-162121.jpg,Marcus Sebastian Eklöf,"['TheSpoonTerran', 'TheKingintheNorth']",https://liquipedia.net/starcraft2/ThorZaIN,ThorZaIN,Terran,,,102927.0,,,,,,,
100,KiWiKaKi,1989-04-06,Canada,https://liquipedia.net/commons/images/thumb/1/1e/Rgnkiwikakimlg.png/600px-Rgnkiwikakimlg.png,Jonathan Garneau,,https://liquipedia.net/starcraft2/KiWiKaKi,KiWiKaKi,Protoss,,,11835.0,,,,,,,
101,"['EmpireviOLet', 'CSNTC', 'Fatandlazy']",1990-12-05,South Korea,https://liquipedia.net/commons/images/thumb/2/2c/VioletProfile-20.JPG/600px-VioletProfile-20.JPG,김동환,,https://liquipedia.net/starcraft2/viOLet,viOLet,Zerg,Kim Dong-hwan,Team EnVyUs,185247.0,,,,,,,
102,SuzyWeRRa,1993-05-30,South Korea,https://liquipedia.net/commons/images/thumb/9/9d/TassadarGSTL.jpg/600px-TassadarGSTL.jpg,김정훈,,https://liquipedia.net/starcraft2/Tassadar,Tassadar,Protoss,Kim Jung-hoon,,7063.0,,,,,,,
103,"['Nv.L', 'nevermore', 'Clemence', 'ChampioNSoO']",1987-01-14,China,https://liquipedia.net/commons/images/b/b0/XiGua_WCS_2015_Season1.jpg,王磊,"['瓜宗', 'KingofLotV(Self-proclaimed)']",https://liquipedia.net/starcraft2/XiGua,XiGua,Zerg,Wang Lei,Invictus Gaming,137930.0,,,,,150.0,68,
104,LingKing,1997-12-11,Poland,https://liquipedia.net/commons/images/thumb/e/e4/Elazer_at_World_Electronic_Sports_Games_2017.jpg/600px-Elazer_at_World_Electronic_Sports_Games_2017.jpg,Mikołaj Ogonowski,,https://liquipedia.net/starcraft2/Elazer,Elazer,Zerg,,AGO Esports,207050.0,0.0,,,,1950.0,11,
105,"['BLASTǂMlorD', 'BsCǂMarinLord', 'BsCǂAlexisOrg']",1995-06-01,France,https://liquipedia.net/commons/images/5/50/OG_MLorD.png,Alexis Eusebio,,https://liquipedia.net/starcraft2/MarineLorD,MarineLorD,Terran,,O'Gaming TV,64060.0,,,,,,,
106,"['Speed', 'Speed[KaL]', 'Cure']",1994-11-25,South Korea,https://liquipedia.net/commons/images/thumb/8/87/Cure_RedBullWashington.jpg/600px-Cure_RedBullWashington.jpg,김도욱,,https://liquipedia.net/starcraft2/Cure,Cure,Terran,Kim Doh-wook,Jin Air Green Wings,70097.0,0.0,,,,,,
107,"['SortOf', 'PuppetMaster']",1993-07-24,Sweden,https://liquipedia.net/commons/images/a/af/SortOf_Meliora_Esports.jpg,Rickard Bergman,,https://liquipedia.net/starcraft2/SortOf,SortOf,Zerg,,Cascade,73562.0,0.0,,,,330.0,47,
108,"['Socke', 'Sockeh', 'ALTERNATEaTTaX']",1987-02-02,Germany,https://liquipedia.net/commons/images/thumb/e/e2/Socke_iem8_cologne.jpg/600px-Socke_iem8_cologne.jpg,Giacomo Thüs,,https://liquipedia.net/starcraft2/Socke,Socke,Protoss,,,71224.0,,,,,,,
109,"['IanStorM', 'yoeIMIan', 'yoeFWIan', 'Achilles']",1990-08-31,Taiwan,https://liquipedia.net/commons/images/thumb/4/48/20131207Ian.jpeg/600px-20131207Ian.jpeg,呂家宏,,https://liquipedia.net/starcraft2/Ian,Ian,Zerg,Lu Chia Hung,,23267.0,,,,,0.0,,
110,,1995-06-27,France,https://liquipedia.net/commons/images/7/71/Lilbow_DH_Tours_2015.jpg,David Moschetto,,https://liquipedia.net/starcraft2/Lilbow,Lilbow,Protoss,,,91173.0,,,2016-07-15,,,,
111,"['AcerBly', 'Virus.Bly', 'Empire.Bly', 'AiBly', 'bly4eg', 'ngt.bly4eg']",1989-01-22,Ukraine,https://liquipedia.net/commons/images/a/a5/Bly_DH_Tours_2015.jpg,Александр Свисюк,,https://liquipedia.net/starcraft2/Bly,Bly,Zerg,Aleksandr Svysiuk,Team Blacer,112458.0,,,,,1050.0,19,
112,"['ALNaama', 'eSaharaNaama', 'Virus.Naama', 'mouzNaama', 'Naamahauki', 'Naamis']",1992-10-13,Finland,https://liquipedia.net/commons/images/8/81/Naamafnatic.jpg,Santeri Lahtinen,,https://liquipedia.net/starcraft2/Naama,Naama,Terran,,,24276.0,,,,,,,
113,oGs.SuperNova,1990-05-17,South Korea,https://liquipedia.net/commons/images/thumb/6/63/SuperNova2_IEM_Shenzhen_2015.jpg/600px-SuperNova2_IEM_Shenzhen_2015.jpg,김영진,,https://liquipedia.net/starcraft2/SuperNova,SuperNova,Terran,Kim Young-jin,ROOT Gaming,58452.0,,,,,,,
114,,1992-06-03,Peru,https://liquipedia.net/commons/images/f/f6/Fenix2.jpg,Jian Carlo Morayra Alejo,,https://liquipedia.net/starcraft2/Fenix,Fenix,Terran,,,33399.0,,,,,,,
115,"['IMYongHwa', 'YongHwa[Name]']",1992-01-30,South Korea,https://liquipedia.net/commons/images/thumb/7/7f/Yonghwa-SF20120811-143655.jpg/600px-Yonghwa-SF20120811-143655.jpg,최용화,,https://liquipedia.net/starcraft2/YongHwa,YongHwa,Protoss,Choi Yong-hwa,,41084.0,,,,,,,
116,"['WhiteRa', 'gameitoss', 'TtWhiteRa', 'DuckloadRa', 'PapaToss']",1980-11-15,Ukraine,https://liquipedia.net/commons/images/thumb/b/b4/WhiteRaOct19.jpg/600px-WhiteRaOct19.jpg,Алексей Крупник,,https://liquipedia.net/starcraft2/White-Ra,White-Ra,Protoss,Aleksey Krupnyk,,55304.0,,,,Tt-eSports Playhem Tutorsville,,,
117,nB.PtitDrogo,1995-11-09,France,https://liquipedia.net/commons/images/thumb/c/c7/PtitDrogo_HSC11.jpg/600px-PtitDrogo_HSC11.jpg,Théo Freydière,,https://liquipedia.net/starcraft2/PtitDrogo,PtitDrogo,Protoss,,Iron Chain,88843.0,,,,,525.0,35,
118,oGsInCa,1991-07-23,South Korea,https://liquipedia.net/commons/images/5/54/InCaGOMTV.jpg,송준혁,,https://liquipedia.net/starcraft2/InCa,InCa,Protoss,Song Joon-hyuk,,32648.0,,,2013-07-31,,,,
119,"['aLive.Hoon', 'Hoon.MvP', 'Sting', 'NSHHoon', 'NSHSting']",,South Korea,https://liquipedia.net/commons/images/thumb/1/16/StingDHS13.jpeg/600px-StingDHS13.jpeg,주훈,,https://liquipedia.net/starcraft2/Sting,Sting,Terran,Ju Hoon,,16719.0,,,,,,,
120,"['WE.Loner', 'Zoo.Loner']",1991-02-10,China,https://liquipedia.net/commons/images/4/42/LonerGOMTV.jpg,戴逸,,https://liquipedia.net/starcraft2/Loner,Loner,Terran,Dai Yi,,33683.0,,,,,,,
121,"['HongUn.Prime.WE', 'eSahara.HoungUn', 'WeHongUn', 'AL.HongUn']",1987-03-26,South Korea,https://liquipedia.net/commons/images/8/8c/HongUnGOMTV.jpg,안홍욱,,https://liquipedia.net/starcraft2/HongUn,HongUn,Protoss,Ahn Hong-wook,,28736.0,,,,,,,
122,"['ST_Rainbow', 'IntoTheRainbow', 'HopeTorture', 'BlackCitadel', 'hitBOX', 'Kobe']",1984-02-08,South Korea,https://liquipedia.net/commons/images/5/54/RainBOwGOMTV.jpg,김성제,,https://liquipedia.net/starcraft2/RainBOw,RainBOw,Terran,Kim Sung-je,StarTale,42803.0,,,,,,,
123,"['VTypeReal', 'SupermanSG', 'Real', 'TypeReal', 'wlstlfdl11[1]']",,South Korea,https://liquipedia.net/commons/images/thumb/1/12/ReaL-IEM-Cologne.jpg/600px-ReaL-IEM-Cologne.jpg,오진실,,https://liquipedia.net/starcraft2/ReaL,ReaL,Protoss,Oh Jin-shil,,7022.0,,,,,,,
124,,1992-08-11,Sweden,https://liquipedia.net/commons/images/b/b7/Morrow_dh_bucharest_14.jpg,Stefan Andersson,The Infested Terran,https://liquipedia.net/starcraft2/MorroW,MorroW,Protoss,,,47364.0,,,,,,,
125,"['mouzHasu', 'mouzCCHasu']",1988-05-26,Germany,https://liquipedia.net/commons/images/7/77/HasuObs-NASL2.jpg,Dennis Schneider,,https://liquipedia.net/starcraft2/HasuObs,HasuObs,Protoss,,,86024.0,,,,,,,
126,SeleCT,1988-10-21,South Korea,https://liquipedia.net/commons/images/thumb/8/8c/SeleCT-SF20120608.jpg/600px-SeleCT-SF20120608.jpg,류경현,,https://liquipedia.net/starcraft2/SeleCT,SeleCT,Terran,Ryoo Kyung-hyun,,39812.0,,,,,,,
127,"['TheWoK', 'Flash', 'OoZi']",1987-12-23,Canada,https://liquipedia.net/commons/images/thumb/8/83/Drewbie-1360.JPG/600px-Drewbie-1360.JPG,Andrew Moysey,,https://liquipedia.net/starcraft2/Drewbie,Drewbie,Terran,,ROOT Gaming,5932.0,,,,,,,
128,"['Sirius[fOu]', 'Rain[fOu]']",1992-08-08,South Korea,https://liquipedia.net/commons/images/2/26/SiriusGOMTV.jpg,최진솔,,https://liquipedia.net/starcraft2/Sirius,Sirius,Zerg,Choi Jin-sol,,7572.0,,,,,,,
129,"['MYM.XlorD', 'aTn.XlorD']",1991-09-27,Germany,https://liquipedia.net/commons/images/thumb/8/88/Xlord_dreamhack.jpg/600px-Xlord_dreamhack.jpg,Daniel Spenst,,https://liquipedia.net/starcraft2/XlorD,XlorD,Zerg,,,10695.0,,,,,,,
130,aAaNeOAnGeL,,France,https://liquipedia.net/commons/images/thumb/3/36/NeoAngel.jpg/600px-NeoAngel.jpg,Grégory Ferte,,https://liquipedia.net/starcraft2/NeOAnGeL,NeOAnGeL,Protoss,,against All authority,3409.0,,,,,,,
131,ZANMATO,1993-09-10,Spain,https://liquipedia.net/commons/images/thumb/f/fe/Vortix_dh_valencia.jpg/600px-Vortix_dh_valencia.jpg,Juan Moreno Durán,"['CucarachaZerg', 'SonofSoulkey']",https://liquipedia.net/starcraft2/VortiX,VortiX,Zerg,,,105804.0,,,,,,,
132,"['FXOBratOK', 'imbaBratOK', 'Brat_OK', 'aka10gG', 'Pasha']",1987-01-03,Russia,https://liquipedia.net/commons/images/3/35/Bratok2018.jpeg,Pavel Kuznetsov,,https://liquipedia.net/starcraft2/Brat_OK,Brat_OK,Terran,,Team STARCOM,37743.0,,,,,,,
133,"['aMeBa[NsP]', 'aMeBa[S.G]', 'Ace[S.G]', 'JoonSang', 'StarTaleAce']",1988-10-17,South Korea,https://liquipedia.net/commons/images/e/e2/AcEGSL.jpg,정우서,,https://liquipedia.net/starcraft2/AcE,AcE,Protoss,Jung Woo-seo,StarTale,31226.0,,,2014-08-13,,,,
134,"['GLaDe', 'Rednep']",1986-07-14,Australia,https://liquipedia.net/commons/images/thumb/0/03/Moonglade-SF20121103-150423.jpg/600px-Moonglade-SF20121103-150423.jpg,Andrew Pender,,https://liquipedia.net/starcraft2/mOOnGLaDe,mOOnGLaDe,Zerg,,GAMECOM Nv,37147.0,,,,,,,
135,"['M‡Tarson', 'iG.Tarson', 'ieS.Tarson', 'BVG.Tarson', 'RAGE.Tarson']",1986-04-11,Poland,https://liquipedia.net/commons/images/e/ef/Tarson.jpg,Tomasz Boroń,,https://liquipedia.net/starcraft2/Tarson,Tarson,Terran,,,12247.0,,,,,,,
136,"['EG.JYP', 'Smart', 'Pooh']",1991-10-13,South Korea,https://liquipedia.net/commons/images/c/c6/JYP_hsc4.jpg,박진영,,https://liquipedia.net/starcraft2/JYP,JYP,Protoss,Park Jin-young,,36949.0,,,2015-02-12,,,,
137,"['NEXPuzzle', 'ZeNEXzerO', 'Neo.GzerO', 'FFmon']",1992-10-02,South Korea,https://liquipedia.net/commons/images/2/25/PuzzleGOMTV.jpg,김상준,,https://liquipedia.net/starcraft2/Puzzle,Puzzle,Protoss,Kim Sang-jun,,21033.0,,,,,,,
138,"['ROOT.qxc', 'FXO.qxc', 'coL.qxc']",1989-10-11,United States,https://liquipedia.net/commons/images/thumb/b/bb/QXC-20120824.JPG/600px-QXC-20120824.JPG,Kevin Riley,"['BandanaMan', 'BandanaTerran', 'JohnLennon', 'DestroyerofTotos']",https://liquipedia.net/starcraft2/qxc,qxc,Terran,,,28060.0,,,,,0.0,,
139,SjoWBBII,1986-12-23,Sweden,https://liquipedia.net/commons/images/thumb/4/47/Sjow_DHS13.jpg/600px-Sjow_DHS13.jpg,Jeffrey Brusi,,https://liquipedia.net/starcraft2/SjoW,SjoW,Terran,,,40446.0,,,2014-03-16,,,,
140,"['KeenMvP', 'MVP_Keen', 'MVPKeeN', 'MYMMvPKeeN', 'KeeN_Lt', 'KeeN']",1994-10-02,South Korea,https://liquipedia.net/commons/images/thumb/b/b0/KeeN_2016VSLTeamLeague.jpg/600px-KeeN_2016VSLTeamLeague.jpg,황규석,,https://liquipedia.net/starcraft2/KeeN,KeeN,Terran,Hwang Kyu-seok,,80207.0,0.0,,,,,,
141,oGsEnsnare,1987-09-21,South Korea,https://liquipedia.net/commons/images/f/f6/Ensnare.jpg,김상철,,https://liquipedia.net/starcraft2/Ensnare,Ensnare,Terran,Kim Sang-cheol,,21152.0,,,2011-??-??,,,,
142,"['idrajit', 'EG.IdrA', 'Cale', 'Limper']",1989-08-21,United States,https://liquipedia.net/commons/images/thumb/e/e9/IdraProfile.jpg/600px-IdraProfile.jpg,Gregory Andrew Fields,,https://liquipedia.net/starcraft2/IdrA,IdrA,Zerg,,,65625.0,,,,Tt eSPORTS,,,
143,"['EmpireKas', 'Kasmatuy', 'Mikelangelo', 'Kascade', 'Digger']",1988-11-25,Ukraine,https://liquipedia.net/commons/images/a/ac/Kas2018-2.png,Mykhailo Gaida,,https://liquipedia.net/starcraft2/Kas,Kas,Terran,,Team STARCOM,72148.0,,,,,30.0,116,
144,"['EG.DeMusliM', 'GladHeAteHer', 'BakerB', 'TheDevilTerran']",1990-01-24,United Kingdom,https://liquipedia.net/commons/images/thumb/d/dd/DeMusliM_1.jpg/600px-DeMusliM_1.jpg,Benjamin James Baker,,https://liquipedia.net/starcraft2/DeMusliM,DeMusliM,Terran,,,34246.0,,,,,,,
145,KyrixZenith,1993-03-16,South Korea,https://liquipedia.net/commons/images/9/9b/KyrixGOMTV.jpg,한준,,https://liquipedia.net/starcraft2/Kyrix,Kyrix,Zerg,Han Joon,,20846.0,,,,,,,
146,"['ROGǂelfi', 'AcerElfi', 'VirusElfi', 'PwRElfi', 'elfittaja-']",1990-10-24,Finland,https://liquipedia.net/commons/images/thumb/3/35/Elfi_WCS_S2_2015.jpg/600px-Elfi_WCS_S2_2015.jpg,Samuli Sihvonen,,https://liquipedia.net/starcraft2/elfi,elfi,Protoss,,,44400.0,,,,"['Steelseries', 'Jimms.fi']",,,
147,"['LiquidZenio', 'oGsZenio']",1991-03-31,South Korea,https://liquipedia.net/commons/images/7/7e/Zenio_In_Liquid_Shirt.jpg,최정민,,https://liquipedia.net/starcraft2/Zenio,Zenio,Zerg,Choi Jung-min,,29644.0,,,,,,,
148,"['roxkisTITAN', 'RoXKIS.TitaN']",1989-11-04,Russia,https://liquipedia.net/commons/images/5/57/RoxTitan.jpg,Oleg Kuptsov,,https://liquipedia.net/starcraft2/TitaN,TitaN,Protoss,,RoX,28930.0,,,,,,,
149,anyproPrime,1987-08-19,South Korea,https://liquipedia.net/commons/images/0/0d/Anypro.gif,이정환,,https://liquipedia.net/starcraft2/anypro,anypro,Protoss,"['Lee', 'Jung-Hwan']",,17917.0,,,,,,,
150,"['sCfOu', 'MVPsC', 'FXOsC']",1995-02-14,South Korea,https://liquipedia.net/commons/images/e/e3/PlayXPMvPSC.jpg,김승철,,https://liquipedia.net/starcraft2/sC,sC,Terran,Kim Seung-Chul,,30729.0,,,2014-08-13,,,,
